YEAR,COUNTY_DISTRICT_CODE,ENROLLMENT_GRADES_K_12,JANUARY_MEMBERSHIP,LUNCH_COUNT_FREE_REDUCED,LUNCH_COUNT_FREE_REDUCED_PCT,ENROLLMENT_ASIAN,ENROLLMENT_ASIAN_PCT,ENROLLMENT_ASIAN_PACIFIC_ISLANDER,ENROLLMENT_ASIAN_PACIFIC_ISLANDER_PCT,ENROLLMENT_BLACK,ENROLLMENT_BLACK_PCT,ENROLLMENT_HISPANIC,ENROLLMENT_HISPANIC_PCT,ENROLLMENT_INDIAN,ENROLLMENT_INDIAN_PCT,ENROLLMENT_MULTIRACIAL,ENROLLMENT_MULTIRACIAL_PCT,ENROLLMENT_PACIFIC_ISLANDER,ENROLLMENT_PACIFIC_ISLANDER_PCT,ENROLLMENT_WHITE,ENROLLMENT_WHITE_PCT,ELL_LEP_STUDENTS_ENROLLED_K_12,ELL_LEP_STUDENTS_ENROLLED_K_12_PCT,ELL_LEP_STUDENTS_ENROLLED_PK,ELL_LEP_STUDENTS_ENROLLED_PK_PCT,IEP_SCHOOLAGE_CHILDCOUNT,IEP_INCIDENCE_RATE
1991,96088,16985,16650.36,0,0,0,0,0,0,4713,27.7,94,0.6,11,0.1,0,0,0,0,11976,70.5,0,0,0,0,0,0
1991,96089,11000,10339.66,0,0,0,0,0,0,5000,45.5,51,0.5,0,0,0,0,0,0,5880,53.5,0,0,0,0,0,0
1991,96090,6252,6366,0,0,0,0,0,0,1400,22.4,0,0,0,0,0,0,0,0,4852,77.6,0,0,0,0,0,0
1991,96091,15608,15658,0,0,0,0,0,0,2284,14.6,47,0.3,6,0,0,0,0,0,13093,83.9,0,0,0,0,0,0
1991,96092,5186,4849.17,0,0,0,0,0,0,1349,26,22,0.4,0,0,0,0,0,0,3769,72.7,0,0,0,0,0,0
1991,96093,5051,4793.28,0,0,0,0,0,0,946,18.7,68,1.3,0,0,0,0,0,0,3985,78.9,0,0,0,0,0,0
1991,96094,11172,10803,0,0,0,0,0,0,1543,13.8,45,0.4,12,0.1,0,0,0,0,9484,84.9,0,0,0,0,0,0
1991,96095,22465,21733.81,0,0,0,0,0,0,4347,19.4,142,0.6,22,0.1,0,0,0,0,16937,75.4,0,0,0,0,0,0
1991,96098,2393,2408,0,0,0,0,0,0,405,16.9,8,0.3,0,0,0,0,0,0,1952,81.6,0,0,0,0,0,0
1991,96099,1303,1208.33,0,0,0,0,0,0,200,15.3,5,0.4,0,0,0,0,0,0,1092,83.8,0,0,0,0,0,0
1991,96101,807,763,0,0,0,0,0,0,211,26.1,11,1.4,0,0,0,0,0,0,561,69.5,0,0,0,0,0,0
1991,96102,2163,2108,0,0,0,0,0,0,447,20.7,15,0.7,6,0.3,0,0,0,0,1582,73.1,0,0,0,0,0,0
1991,96103,1590,1569.15,0,0,0,0,0,0,296,18.6,0,0,0,0,0,0,0,0,1294,81.4,0,0,0,0,0,0
1991,96104,2574,2358,0,0,0,0,0,0,1882,73.1,11,0.4,0,0,0,0,0,0,666,25.9,0,0,0,0,0,0
1991,96106,3014,2919,0,0,0,0,0,0,759,25.2,22,0.7,0,0,0,0,0,0,2111,70,0,0,0,0,0,0
1991,96107,1254,1169,0,0,0,0,0,0,435,34.7,0,0,0,0,0,0,0,0,803,64,0,0,0,0,0,0
1991,96109,5914,5384,0,0,0,0,0,0,5550,93.8,0,0,6,0.1,0,0,0,0,345,5.8,0,0,0,0,0,0
1991,96110,7110,6193.5,0,0,0,0,0,0,1799,25.3,30,0.4,6,0.1,0,0,0,0,5180,72.9,0,0,0,0,0,0
1991,96111,4727,4374,0,0,0,0,0,0,2940,62.2,9,0.2,7,0.1,0,0,0,0,1752,37.1,0,0,0,0,0,0
1991,96112,4587,4790,0,0,0,0,0,0,3703,80.7,0,0,0,0,0,0,0,0,818,17.8,0,0,0,0,0,0
1991,96113,757,762.5,0,0,0,0,0,0,191,25.2,0,0,0,0,0,0,0,0,564,74.5,0,0,0,0,0,0
1991,96114,4106,3963.16,0,0,0,0,0,0,1033,25.2,5,0.1,0,0,0,0,0,0,3039,74,0,0,0,0,0,0
1991,96119,5114,5269,0,0,0,0,0,0,2068,40.4,19,0.4,18,0.4,0,0,0,0,2976,58.2,0,0,0,0,0,0
1991,115115,43284,41901,0,0,0,0,0,0,33588,77.6,158,0.4,23,0.1,0,0,0,0,9058,20.9,0,0,0,0,0,0
1992,96088,17657,16935.39,0,0,0,0,0,0,4843,27.4,119,0.7,12,0.1,0,0,0,0,12486,70.7,0,0,0,0,0,0
1992,96089,10875,10450.54,0,0,0,0,0,0,4996,45.9,32,0.3,45,0.4,0,0,0,0,5746,52.8,0,0,0,0,0,0
1992,96090,6831,6022.65,0,0,0,0,0,0,1497,21.9,13,0.2,0,0,0,0,0,0,5292,77.5,0,0,0,0,0,0
1992,96091,17472,15841,0,0,0,0,0,0,2518,14.4,48,0.3,10,0.1,0,0,0,0,14681,84,0,0,0,0,0,0
1992,96092,5263,4965.5,0,0,0,0,0,0,1342,25.5,25,0.5,0,0,0,0,0,0,3853,73.2,0,0,0,0,0,0
1992,96093,5126,4855.3,0,0,0,0,0,0,972,19,35,0.7,0,0,0,0,0,0,4049,79,0,0,0,0,0,0
1992,96094,11705,11276,0,0,0,0,0,0,1767,15.1,50,0.4,13,0.1,0,0,0,0,9779,83.5,0,0,0,0,0,0
1992,96095,22780,21905.81,0,0,0,0,0,0,4411,19.4,157,0.7,17,0.1,0,0,0,0,17136,75.2,0,0,0,0,0,0
1992,96098,2469,2325,0,0,0,0,0,0,407,16.5,9,0.4,0,0,0,0,0,0,2031,82.3,0,0,0,0,0,0
1992,96099,1290,1221.67,0,0,0,0,0,0,192,14.9,6,0.5,0,0,0,0,0,0,1088,84.3,0,0,0,0,0,0
1992,96101,802,749.5,0,0,0,0,0,0,201,25.1,8,1,0,0,0,0,0,0,560,69.8,0,0,0,0,0,0
1992,96102,2237,2171,0,0,0,0,0,0,495,22.1,18,0.8,6,0.3,0,0,0,0,1594,71.3,0,0,0,0,0,0
1992,96103,1663,1555.04,0,0,0,0,0,0,290,17.4,14,0.8,0,0,0,0,0,0,1359,81.7,0,0,0,0,0,0
1992,96104,2581,2352,0,0,0,0,0,0,1933,74.9,8,0.3,0,0,0,0,0,0,606,23.5,0,0,0,0,0,0
1992,96106,3087,3050,0,0,0,0,0,0,752,24.4,26,0.8,0,0,0,0,0,0,2186,70.8,0,0,0,0,0,0
1992,96107,1353,1262,0,0,0,0,0,0,509,37.6,8,0.6,0,0,0,0,0,0,817,60.4,0,0,0,0,0,0
1992,96109,5759,5177.5,0,0,0,0,0,0,5470,95,0,0,0,0,0,0,0,0,268,4.7,0,0,0,0,0,0
1992,96110,6749,6307.77,0,0,0,0,0,0,1722,25.5,34,0.5,5,0.1,0,0,0,0,4889,72.4,0,0,0,0,0,0
1992,96111,4967,4469,0,0,0,0,0,0,3075,61.9,14,0.3,0,0,0,0,0,0,1859,37.4,0,0,0,0,0,0
1992,96112,4912,4782,0,0,0,0,0,0,4103,83.5,0,0,0,0,0,0,0,0,765,15.6,0,0,0,0,0,0
1992,96113,800,765.03,0,0,0,0,0,0,189,23.6,0,0,0,0,0,0,0,0,611,76.4,0,0,0,0,0,0
1992,96114,4459,4108.18,0,0,0,0,0,0,1053,23.6,14,0.3,0,0,0,0,0,0,3363,75.4,0,0,0,0,0,0
1992,96119,5308,5451,0,0,0,0,0,0,2424,45.7,23,0.4,9,0.2,0,0,0,0,2815,53,0,0,0,0,0,0
1992,115115,40925,40810.33,0,0,0,0,0,0,31864,77.9,166,0.4,12,0,0,0,0,0,8439,20.6,0,0,0,0,0,0
1993,96088,17792,17030.27,0,0,0,0,0,0,5097,28.6,106,0.6,8,0,0,0,0,0,12395,69.7,0,0,0,0,0,0
1993,96089,10984,10546.5,0,0,0,0,0,0,5108,46.5,29,0.3,0,0,0,0,0,0,5781,52.6,0,0,0,0,0,0
1993,96090,6643,6397.35,0,0,0,0,0,0,1544,23.2,20,0.3,0,0,0,0,0,0,5055,76.1,0,0,0,0,0,0
1993,96091,17449,16714,0,0,0,0,0,0,2750,15.8,92,0.5,11,0.1,0,0,0,0,14360,82.3,0,0,0,0,0,0
1993,96092,5122,4923.97,0,0,0,0,0,0,1287,25.1,33,0.6,0,0,0,0,0,0,3752,73.3,0,0,0,0,0,0
1993,96093,5083,4815.26,0,0,0,0,0,0,990,19.5,9,0.2,0,0,0,0,0,0,4070,80.1,0,0,0,0,0,0
1993,96094,11891,11479,0,0,0,0,0,0,1796,15.1,46,0.4,6,0.1,0,0,0,0,9936,83.6,0,0,0,0,0,0
1993,96095,22661,21913.11,0,0,0,0,0,0,4265,18.8,157,0.7,18,0.1,0,0,0,0,17080,75.4,0,0,0,0,0,0
1993,96098,2570,2429.5,0,0,0,0,0,0,445,17.3,9,0.4,0,0,0,0,0,0,2082,81,0,0,0,0,0,0
1993,96099,1328,1265.31,0,0,0,0,0,0,184,13.9,10,0.8,0,0,0,0,0,0,1127,84.9,0,0,0,0,0,0
1993,96101,845,767.5,0,0,0,0,0,0,229,27.1,5,0.6,0,0,0,0,0,0,578,68.4,0,0,0,0,0,0
1993,96102,2360,2314,0,0,0,0,0,0,489,20.7,23,1,5,0.2,0,0,0,0,1698,71.9,0,0,0,0,0,0
1993,96103,1655,1538,0,0,0,0,0,0,264,16,12,0.7,0,0,0,0,0,0,1378,83.3,0,0,0,0,0,0
1993,96104,2552,2510.21,0,0,0,0,0,0,2017,79,9,0.4,0,0,0,0,0,0,520,20.4,0,0,0,0,0,0
1993,96106,3243,3237,0,0,0,0,0,0,811,25,30,0.9,0,0,0,0,0,0,2281,70.3,0,0,0,0,0,0
1993,96107,1269,1203.13,0,0,0,0,0,0,465,36.6,5,0.4,0,0,0,0,0,0,784,61.8,0,0,0,0,0,0
1993,96109,5548,5114,0,0,0,0,0,0,5317,95.8,0,0,7,0.1,0,0,0,0,212,3.8,0,0,0,0,0,0
1993,96110,6734,6391.5,0,0,0,0,0,0,1699,25.2,36,0.5,5,0.1,0,0,0,0,4897,72.7,0,0,0,0,0,0
1993,96111,5197,5019,0,0,0,0,0,0,3339,64.2,0,0,0,0,0,0,0,0,1837,35.3,0,0,0,0,0,0
1993,96112,4743,4761,0,0,0,0,0,0,3972,83.7,0,0,0,0,0,0,0,0,739,15.6,0,0,0,0,0,0
1993,96113,819,787,0,0,0,0,0,0,212,25.9,0,0,0,0,0,0,0,0,602,73.5,0,0,0,0,0,0
1993,96114,4424,4292.92,0,0,0,0,0,0,1082,24.5,16,0.4,0,0,0,0,0,0,3288,74.3,0,0,0,0,0,0
1993,96119,5987,5340,0,0,0,0,0,0,2930,48.9,22,0.4,14,0.2,0,0,0,0,2981,49.8,0,0,0,0,0,0
1993,115115,40857,40334.99,0,0,0,0,0,0,32009,78.3,168,0.4,11,0,0,0,0,0,8146,19.9,0,0,0,0,0,0
1994,96088,17911,17170,0,0,0,0,0,0,5440,30.4,82,0.5,8,0,0,0,0,0,12207,68.2,0,0,0,0,0,0
1994,96089,11034,10520.8,0,0,0,0,0,0,5267,47.7,56,0.5,0,0,0,0,0,0,5647,51.2,0,0,0,0,0,0
1994,96090,6844,6489.05,0,0,0,0,0,0,1589,23.2,24,0.4,0,0,0,0,0,0,5182,75.7,0,0,0,0,0,0
1994,96091,18358,17671,0,0,0,0,0,0,2863,15.6,67,0.4,32,0.2,0,0,0,0,15137,82.5,0,0,0,0,0,0
1994,96092,5327,4901,0,0,0,0,0,0,1335,25.1,24,0.5,0,0,0,0,0,0,3925,73.7,0,0,0,0,0,0
1994,96093,5091,4849.76,0,0,0,0,0,0,969,19,28,0.5,0,0,0,0,0,0,4052,79.6,0,0,0,0,0,0
1994,96094,11937,11418,0,0,0,0,0,0,1671,14,58,0.5,7,0.1,0,0,0,0,10088,84.5,0,0,0,0,0,0
1994,96095,22690,21739.36,0,0,0,0,0,0,4316,19,172,0.8,19,0.1,0,0,0,0,17017,75,0,0,0,0,0,0
1994,96098,2789,2489.5,0,0,0,0,0,0,466,16.7,17,0.6,0,0,0,0,0,0,2263,81.1,0,0,0,0,0,0
1994,96099,1342,1262.98,0,0,0,0,0,0,188,14,11,0.8,0,0,0,0,0,0,1129,84.1,0,0,0,0,0,0
1994,96101,837,781.64,0,0,0,0,0,0,219,26.2,0,0,0,0,0,0,0,0,583,69.7,0,0,0,0,0,0
1994,96102,2396,2371,0,0,0,0,0,0,535,22.3,23,1,10,0.4,0,0,0,0,1719,71.7,0,0,0,0,0,0
1994,96103,1614,1476.03,0,0,0,0,0,0,296,18.3,11,0.7,0,0,0,0,0,0,1303,80.7,0,0,0,0,0,0
1994,96104,2501,2377,0,0,0,0,0,0,2048,81.9,13,0.5,0,0,0,0,0,0,434,17.4,0,0,0,0,0,0
1994,96106,3348,3184,0,0,0,0,0,0,846,25.3,41,1.2,0,0,0,0,0,0,2349,70.2,0,0,0,0,0,0
1994,96107,1304,1252.4,0,0,0,0,0,0,486,37.3,7,0.5,0,0,0,0,0,0,797,61.1,0,0,0,0,0,0
1994,96109,5295,5100,0,0,0,0,0,0,5100,96.3,0,0,0,0,0,0,0,0,176,3.3,0,0,0,0,0,0
1994,96110,6749,6408.5,0,0,0,0,0,0,1781,26.4,28,0.4,8,0.1,0,0,0,0,4836,71.7,0,0,0,0,0,0
1994,96111,5326,5027.5,0,0,0,0,0,0,3527,66.2,7,0.1,0,0,0,0,0,0,1772,33.3,0,0,0,0,0,0
1994,96112,4588,4352.5,0,0,0,0,0,0,3840,83.7,8,0.2,0,0,0,0,0,0,704,15.3,0,0,0,0,0,0
1994,96113,832,752.59,0,0,0,0,0,0,207,24.9,0,0,0,0,0,0,0,0,620,74.5,0,0,0,0,0,0
1994,96114,4470,4279.33,0,0,0,0,0,0,1154,25.8,17,0.4,0,0,0,0,0,0,3259,72.9,0,0,0,0,0,0
1994,96119,6134,5310,0,0,0,0,0,0,3068,50,24,0.4,13,0.2,0,0,0,0,2993,48.8,0,0,0,0,0,0
1994,115115,41213,40361.33,0,0,0,0,0,0,32478,78.8,188,0.5,15,0,0,0,0,0,7971,19.3,0,0,0,0,0,0
1995,96088,18050,17406.09,0,0,0,0,0,0,5907,32.7,90,0.5,10,0.1,0,0,0,0,11874,65.8,0,0,0,0,0,0
1995,96089,11169,10593.93,0,0,0,0,0,0,5406,48.4,57,0.5,0,0,0,0,0,0,5632,50.4,0,0,0,0,0,0
1995,96090,6723,6290.34,0,0,0,0,0,0,1559,23.2,32,0.5,0,0,0,0,0,0,5073,75.5,0,0,0,0,0,0
1995,96091,19097,18358,0,0,0,0,0,0,2873,15,84,0.4,34,0.2,0,0,0,0,15798,82.7,0,0,0,0,0,0
1995,96092,5202,4945.13,0,0,0,0,0,0,1303,25,21,0.4,0,0,0,0,0,0,3839,73.8,0,0,0,0,0,0
1995,96093,5079,4837.28,0,0,0,0,0,0,988,19.5,25,0.5,0,0,0,0,0,0,4013,79,0,0,0,0,0,0
1995,96094,12146,11551,0,0,0,0,0,0,1630,13.4,58,0.5,10,0.1,0,0,0,0,10348,85.2,0,0,0,0,0,0
1995,96095,22163,21273.8,0,0,0,0,0,0,4145,18.7,176,0.8,16,0.1,0,0,0,0,16595,74.9,0,0,0,0,0,0
1995,96098,2578,2461.34,0,0,0,0,0,0,407,15.8,16,0.6,0,0,0,0,0,0,2099,81.4,0,0,0,0,0,0
1995,96099,1346,1304.16,0,0,0,0,0,0,177,13.2,13,1,0,0,0,0,0,0,1131,84,0,0,0,0,0,0
1995,96101,870,826.1,0,0,0,0,0,0,226,26,10,1.1,0,0,0,0,0,0,591,67.9,0,0,0,0,0,0
1995,96102,2417,2400,0,0,0,0,0,0,473,19.6,38,1.6,8,0.3,0,0,0,0,1761,72.9,0,0,0,0,0,0
1995,96103,1600,1511.81,0,0,0,0,0,0,330,20.6,17,1.1,0,0,0,0,0,0,1248,78,0,0,0,0,0,0
1995,96104,2479,2366,0,0,0,0,0,0,2055,82.9,13,0.5,0,0,0,0,0,0,401,16.2,0,0,0,0,0,0
1995,96106,3328,3156.5,0,0,0,0,0,0,838,25.2,31,0.9,0,0,0,0,0,0,2340,70.3,0,0,0,0,0,0
1995,96107,1271,1181.67,0,0,0,0,0,0,484,38.1,5,0.4,0,0,0,0,0,0,764,60.1,0,0,0,0,0,0
1995,96109,5350,5108,0,0,0,0,0,0,5156,96.4,7,0.1,0,0,0,0,0,0,164,3.1,0,0,0,0,0,0
1995,96110,6699,6269,0,0,0,0,0,0,1824,27.2,39,0.6,0,0,0,0,0,0,4730,70.6,0,0,0,0,0,0
1995,96111,5420,5206,0,0,0,0,0,0,3807,70.2,0,0,0,0,0,0,0,0,1594,29.4,0,0,0,0,0,0
1995,96112,4571,4274,0,0,0,0,0,0,3816,83.5,13,0.3,6,0.1,0,0,0,0,702,15.4,0,0,0,0,0,0
1995,96113,799,761.13,0,0,0,0,0,0,196,24.5,0,0,0,0,0,0,0,0,599,75,0,0,0,0,0,0
1995,96114,4478,4300.49,0,0,0,0,0,0,1160,25.9,18,0.4,0,0,0,0,0,0,3256,72.7,0,0,0,0,0,0
1995,96119,6132,5332.5,0,0,0,0,0,0,3056,49.8,22,0.4,12,0.2,0,0,0,0,2993,48.8,0,0,0,0,0,0
1995,115115,41045,40469.58,0,0,0,0,0,0,32462,79.1,212,0.5,12,0,0,0,0,0,7734,18.8,0,0,0,0,0,0
1996,96088,18156,17595.25,3225,18.3,0,0,0,0,6360,35,127,0.7,13,0.1,0,0,0,0,11476,63.2,0,0,0,0,0,0
1996,96089,10985,10459.38,4141.4,39.6,0,0,0,0,5566,50.7,48,0.4,10,0.1,0,0,0,0,5297,48.2,0,0,0,0,0,0
1996,96090,6872,6438,1757,27.3,0,0,0,0,1700,24.7,35,0.5,0,0,0,0,0,0,5069,73.8,0,0,0,0,0,0
1996,96091,19610,18773,3096.5,16.5,0,0,0,0,2922,14.9,98,0.5,20,0.1,0,0,0,0,16223,82.7,0,0,0,0,0,0
1996,96092,5133,4896.04,1108,22.6,0,0,0,0,1288,25.1,19,0.4,0,0,0,0,0,0,3777,73.6,0,0,0,0,0,0
1996,96093,5227,4948.85,1144,23.1,0,0,0,0,1029,19.7,26,0.5,0,0,0,0,0,0,4111,78.6,0,0,0,0,0,0
1996,96094,12010,11231.5,2034,18.1,0,0,0,0,1547,12.9,58,0.5,14,0.1,0,0,0,0,10288,85.7,0,0,0,0,0,0
1996,96095,21841,20908.01,3249,15.5,0,0,0,0,3991,18.3,193,0.9,21,0.1,0,0,0,0,16321,74.7,0,0,0,0,0,0
1996,96098,2563,2450.78,487,19.9,0,0,0,0,389,15.2,13,0.5,0,0,0,0,0,0,2103,82.1,0,0,0,0,0,0
1996,96099,1471,1389.08,405,29.2,0,0,0,0,191,13,15,1,0,0,0,0,0,0,1240,84.3,0,0,0,0,0,0
1996,96101,902,848.87,170,20,0,0,0,0,245,27.2,11,1.2,0,0,0,0,0,0,602,66.7,0,0,0,0,0,0
1996,96102,2409,2411,313,13,0,0,0,0,479,19.9,41,1.7,0,0,0,0,0,0,1754,72.8,0,0,0,0,0,0
1996,96103,1576,1473.24,921.5,62.5,0,0,0,0,315,20,13,0.8,0,0,0,0,0,0,1241,78.7,0,0,0,0,0,0
1996,96104,2641,2655,1765.5,66.5,0,0,0,0,2277,86.2,11,0.4,0,0,0,0,0,0,341,12.9,0,0,0,0,0,0
1996,96106,3356,3223.88,427,13.2,0,0,0,0,820,24.4,40,1.2,0,0,0,0,0,0,2359,70.3,0,0,0,0,0,0
1996,96107,1269,1194.61,670.5,56.1,0,0,0,0,515,40.6,11,0.9,0,0,0,0,0,0,734,57.8,0,0,0,0,0,0
1996,96109,5512,5398.5,3655,67.7,0,0,0,0,5334,96.8,13,0.2,6,0.1,0,0,0,0,147,2.7,0,0,0,0,0,0
1996,96110,6582,6098.34,2511.5,41.2,0,0,0,0,1886,28.7,60,0.9,0,0,0,0,0,0,4532,68.9,0,0,0,0,0,0
1996,96111,5646,5620,3213,57.2,0,0,0,0,4091,72.5,6,0.1,0,0,0,0,0,0,1533,27.2,0,0,0,0,0,0
1996,96112,4483,4275.5,1976.5,46.2,0,0,0,0,3752,83.7,26,0.6,0,0,0,0,0,0,677,15.1,0,0,0,0,0,0
1996,96113,863,807.56,337.6,41.8,0,0,0,0,186,21.6,0,0,0,0,0,0,0,0,667,77.3,0,0,0,0,0,0
1996,96114,4384,4182.14,868,20.8,0,0,0,0,1115,25.4,20,0.5,0,0,0,0,0,0,3201,73,0,0,0,0,0,0
1996,96119,6398,5643.6,814,14.4,0,0,0,0,3210,50.2,16,0.3,25,0.4,0,0,0,0,3102,48.5,0,0,0,0,0,0
1996,115115,41714,41372.61,34167,82.6,0,0,0,0,33062,79.3,286,0.7,12,0,0,0,0,0,7705,18.5,0,0,0,0,0,0
1997,96088,18256,17571.74,3563.5,20.3,0,0,0,0,6834,37.4,121,0.7,12,0.1,0,0,0,0,11084,60.7,0,0,0,0,0,0
1997,96089,11022,11003.54,5034.8,45.8,0,0,0,0,5752,52.2,71,0.6,14,0.1,0,0,0,0,5112,46.4,0,0,0,0,0,0
1997,96090,6990,6609.06,1835,27.8,0,0,0,0,1813,25.9,34,0.5,0,0,0,0,0,0,5044,72.2,0,0,0,0,0,0
1997,96091,19871,19134.5,2971,15.5,0,0,0,0,2837,14.3,97,0.5,25,0.1,0,0,0,0,16552,83.3,0,0,0,0,0,0
1997,96092,5178,4928.26,600,12.2,0,0,0,0,1333,25.7,24,0.5,5,0.1,0,0,0,0,3774,72.9,0,0,0,0,0,0
1997,96093,5228,5013.27,1099,21.9,0,0,0,0,1034,19.8,23,0.4,0,0,0,0,0,0,4107,78.6,0,0,0,0,0,0
1997,96094,11911,11266,2269,20.1,0,0,0,0,1539,12.9,62,0.5,13,0.1,0,0,0,0,10188,85.5,0,0,0,0,0,0
1997,96095,21483,20654.41,3267,15.8,0,0,0,0,3890,18.1,195,0.9,31,0.1,0,0,0,0,16046,74.7,0,0,0,0,0,0
1997,96098,2592,2432.34,459,18.9,0,0,0,0,400,15.4,16,0.6,0,0,0,0,0,0,2099,81,0,0,0,0,0,0
1997,96099,1422,1358.44,399.5,29.4,0,0,0,0,176,12.4,21,1.5,0,0,0,0,0,0,1197,84.2,0,0,0,0,0,0
1997,96101,913,845.75,186,22,0,0,0,0,267,29.2,13,1.4,0,0,0,0,0,0,599,65.6,0,0,0,0,0,0
1997,96102,2420,2407,301,12.5,0,0,0,0,479,19.8,19,0.8,0,0,0,0,0,0,1768,73.1,0,0,0,0,0,0
1997,96103,1634,1579.75,949,60.1,0,0,0,0,386,23.6,22,1.3,0,0,0,0,0,0,1220,74.7,0,0,0,0,0,0
1997,96104,2740,2692,1912,71,0,0,0,0,2432,88.8,9,0.3,0,0,0,0,0,0,289,10.5,0,0,0,0,0,0
1997,96106,3416,3251,409,12.6,0,0,0,0,831,24.3,39,1.1,0,0,0,0,0,0,2406,70.4,0,0,0,0,0,0
1997,96107,1221,1162.36,632.5,54.4,0,0,0,0,487,39.9,0,0,0,0,0,0,0,0,719,58.9,0,0,0,0,0,0
1997,96109,5500,5230,3856,73.7,0,0,0,0,5475,99.5,0,0,0,0,0,0,0,0,21,0.4,0,0,0,0,0,0
1997,96110,6424,5746.5,2109.5,36.7,0,0,0,0,1856,28.9,67,1,0,0,0,0,0,0,4403,68.5,0,0,0,0,0,0
1997,96111,6156,5897,3290,55.8,0,0,0,0,4688,76.2,8,0.1,0,0,0,0,0,0,1434,23.3,0,0,0,0,0,0
1997,96112,4473,4298.5,2007.5,46.7,0,0,0,0,3754,83.9,22,0.5,0,0,0,0,0,0,660,14.8,0,0,0,0,0,0
1997,96113,883,842.69,380.7,45.2,0,0,0,0,189,21.4,0,0,0,0,0,0,0,0,684,77.5,0,0,0,0,0,0
1997,96114,4316,4080.62,857,21,0,0,0,0,1111,25.7,25,0.6,16,0.4,0,0,0,0,3114,72.2,0,0,0,0,0,0
1997,96119,6707,5774,856,14.8,0,0,0,0,3507,52.3,22,0.3,35,0.5,0,0,0,0,3095,46.1,0,0,0,0,0,0
1997,115115,42513,42441.26,35263,83.1,0,0,0,0,33867,79.7,298,0.7,25,0.1,0,0,0,0,7636,18,0,0,0,0,0,0
1998,96088,18460,17790.83,3980,22.4,0,0,0,0,7438,40.3,143,0.8,11,0.1,0,0,0,0,10686,57.9,0,0,0,0,0,0
1998,96089,11144,11145,4777,42.9,0,0,0,0,5978,53.6,80,0.7,13,0.1,0,0,0,0,4986,44.7,0,0,0,0,0,0
1998,96090,7145,6859.5,1980.4,28.9,0,0,0,0,1959,27.4,45,0.6,11,0.2,0,0,0,0,5030,70.4,0,0,0,0,0,0
1998,96091,20308,19536.5,3001.5,15.4,0,0,0,0,2815,13.9,110,0.5,19,0.1,0,0,0,0,16987,83.6,0,0,0,0,0,0
1998,96092,5076,4828.03,993,20.6,0,0,0,0,1298,25.6,31,0.6,0,0,0,0,0,0,3704,73,0,0,0,0,0,0
1998,96093,5199,4982.3,1057.5,21.2,0,0,0,0,1078,20.7,21,0.4,5,0.1,0,0,0,0,4030,77.5,0,0,0,0,0,0
1998,96094,11950,11205,2188,19.5,0,0,0,0,1563,13.1,67,0.6,15,0.1,0,0,0,0,10172,85.1,0,0,0,0,0,0
1998,96095,21228,20280.11,3138,15.5,0,0,0,0,3859,18.2,199,0.9,27,0.1,0,0,0,0,15761,74.2,0,0,0,0,0,0
1998,96098,2636,2501.45,496,19.8,0,0,0,0,414,15.7,19,0.7,0,0,0,0,0,0,2134,81,0,0,0,0,0,0
1998,96099,1409,1347.9,411.5,30.5,0,0,0,0,193,13.7,26,1.8,0,0,0,0,0,0,1160,82.3,0,0,0,0,0,0
1998,96101,897,846.51,205,24.2,0,0,0,0,242,27,9,1,0,0,0,0,0,0,607,67.7,0,0,0,0,0,0
1998,96102,2432,2398,314,13.1,0,0,0,0,503,20.7,29,1.2,0,0,0,0,0,0,1741,71.6,0,0,0,0,0,0
1998,96103,1691,1640.41,1044.5,63.7,0,0,0,0,400,23.7,24,1.4,0,0,0,0,0,0,1261,74.6,0,0,0,0,0,0
1998,96104,2841,2820,1929.5,68.4,0,0,0,0,2568,90.4,8,0.3,0,0,0,0,0,0,252,8.9,0,0,0,0,0,0
1998,96106,3421,3384,425,12.6,0,0,0,0,846,24.7,38,1.1,0,0,0,0,0,0,2398,70.1,0,0,0,0,0,0
1998,96107,1153,1086.89,665,61.2,0,0,0,0,460,39.9,0,0,5,0.4,0,0,0,0,674,58.5,0,0,0,0,0,0
1998,96109,5435,5362.33,3611,67.3,0,0,0,0,5320,97.9,9,0.2,0,0,0,0,0,0,95,1.7,0,0,0,0,0,0
1998,96110,6369,6063.77,2406.5,39.7,0,0,0,0,1673,26.3,97,1.5,7,0.1,0,0,0,0,4488,70.5,0,0,0,0,0,0
1998,96111,6318,6021.5,3694.5,61.4,0,0,0,0,5103,80.8,7,0.1,0,0,0,0,0,0,1190,18.8,0,0,0,0,0,0
1998,96112,4444,4356,2081,47.8,0,0,0,0,3734,84,26,0.6,0,0,0,0,0,0,640,14.4,0,0,0,0,0,0
1998,96113,941,891.49,400,44.9,0,0,0,0,235,25,0,0,0,0,0,0,0,0,688,73.1,0,0,0,0,0,0
1998,96114,4274,4092.41,829.5,20.3,0,0,0,0,1120,26.2,25,0.6,0,0,0,0,0,0,3072,71.9,0,0,0,0,0,0
1998,96119,6883,6112.5,852,13.9,0,0,0,0,3655,53.1,18,0.3,41,0.6,0,0,0,0,3120,45.3,0,0,0,0,0,0
1998,115115,44442,43873.65,35360,80.6,0,0,0,0,35510,79.9,347,0.8,37,0.1,0,0,0,0,7836,17.6,0,0,0,0,0,0
1999,96088,18413,17771.16,4433,24.9,0,0,0,0,7981,43.3,135,0.7,9,0,0,0,0,0,10110,54.9,0,0,0,0,0,0
1999,96089,11368,11308,5128,45.3,0,0,0,0,6349,55.8,85,0.7,9,0.1,0,0,0,0,4811,42.3,0,0,0,0,0,0
1999,96090,7044,6794,1919.5,28.3,0,0,0,0,1932,27.4,54,0.8,13,0.2,0,0,0,0,4933,70,0,0,0,0,0,0
1999,96091,20696,19966.5,3009,15.1,0,0,0,0,2984,14.4,126,0.6,21,0.1,0,0,0,0,17163,82.9,0,0,0,0,0,0
1999,96092,5061,4853.12,1093,22.5,0,0,0,0,1269,25.1,39,0.8,0,0,0,0,0,0,3708,73.3,0,0,0,0,0,0
1999,96093,5213,5022.57,1147,22.8,0,0,0,0,1072,20.6,25,0.5,0,0,0,0,0,0,4047,77.6,0,0,0,0,0,0
1999,96094,11937,11256,2197,19.5,0,0,0,0,1624,13.6,60,0.5,11,0.1,0,0,0,0,10076,84.4,0,0,0,0,0,0
1999,96095,20787,19968.42,2957,14.8,0,0,0,0,3706,17.8,223,1.1,22,0.1,0,0,0,0,15422,74.2,0,0,0,0,0,0
1999,96098,2657,2531.5,505,19.9,0,0,0,0,410,15.4,23,0.9,0,0,0,0,0,0,2154,81.1,0,0,0,0,0,0
1999,96099,1396,1346.83,433,32.1,0,0,0,0,187,13.4,25,1.8,0,0,0,0,0,0,1155,82.7,0,0,0,0,0,0
1999,96101,925,875.75,177,20.2,0,0,0,0,254,27.5,11,1.2,0,0,0,0,0,0,624,67.5,0,0,0,0,0,0
1999,96102,2405,2399.24,338.3,14.1,0,0,0,0,528,22,28,1.2,8,0.3,0,0,0,0,1683,70,0,0,0,0,0,0
1999,96103,1660,1601.62,1031,64.4,0,0,0,0,388,23.4,25,1.5,0,0,0,0,0,0,1238,74.6,0,0,0,0,0,0
1999,96104,3026,3002,2311,77,0,0,0,0,2790,92.2,8,0.3,0,0,0,0,0,0,218,7.2,0,0,0,0,0,0
1999,96106,3406,3378,389,11.5,0,0,0,0,873,25.6,32,0.9,0,0,0,0,0,0,2359,69.3,0,0,0,0,0,0
1999,96107,1115,1086.51,548,50.4,0,0,0,0,444,39.8,9,0.8,0,0,0,0,0,0,657,58.9,0,0,0,0,0,0
1999,96109,5350,5304.41,3740,70.5,0,0,0,0,5244,98,14,0.3,0,0,0,0,0,0,83,1.6,0,0,0,0,0,0
1999,96110,6492,6156.7,2639,42.9,0,0,0,0,1853,28.5,95,1.5,20,0.3,0,0,0,0,4406,67.9,0,0,0,0,0,0
1999,96111,6829,6867,4454,64.9,0,0,0,0,5746,84.1,9,0.1,0,0,0,0,0,0,1063,15.6,0,0,0,0,0,0
1999,96112,4417,4389,2168,49.4,0,0,0,0,3770,85.4,20,0.5,5,0.1,0,0,0,0,591,13.4,0,0,0,0,0,0
1999,96113,988,914.5,430,47,0,0,0,0,281,28.4,7,0.7,0,0,0,0,0,0,684,69.2,0,0,0,0,0,0
1999,96114,4284,4105.06,784.8,19.1,0,0,0,0,1124,26.2,32,0.7,0,0,0,0,0,0,3066,71.6,0,0,0,0,0,0
1999,96119,6998,6081,811,13.3,0,0,0,0,3788,54.1,15,0.2,63,0.9,0,0,0,0,3085,44.1,0,0,0,0,0,0
1999,115115,44782,43717.32,35642,81.5,0,0,0,0,35953,80.3,384,0.9,39,0.1,0,0,0,0,7704,17.2,0,0,0,0,0,0
2000,96088,18330,17759.42,4551.5,25.6,0,0,0,0,8406,45.9,133,0.7,7,0,0,0,0,0,9598,52.4,0,0,0,0,0,0
2000,96089,11381,11402,5529,48.5,0,0,0,0,6667,58.6,94,0.8,13,0.1,0,0,0,0,4500,39.5,0,0,0,0,0,0
2000,96090,6688,6471,1873,28.9,0,0,0,0,1722,25.7,73,1.1,0,0,0,0,0,0,4769,71.3,0,0,0,0,0,0
2000,96091,21175,20372,3134,15.4,0,0,0,0,3096,14.6,151,0.7,22,0.1,0,0,0,0,17461,82.5,0,0,0,0,0,0
2000,96092,5001,4793.75,1024.4,21.4,0,0,0,0,1250,25,37,0.7,0,0,0,0,0,0,3666,73.3,0,0,0,0,0,0
2000,96093,5226,5006.65,968,19.3,0,0,0,0,1014,19.4,25,0.5,0,0,0,0,0,0,4115,78.7,0,0,0,0,0,0
2000,96094,11886,11220.3,2193,19.5,0,0,0,0,1547,13,64,0.5,8,0.1,0,0,0,0,10079,84.8,0,0,0,0,0,0
2000,96095,20547,19719.76,2842,14.4,0,0,0,0,3575,17.4,242,1.2,23,0.1,0,0,0,0,15212,74,0,0,0,0,0,0
2000,96098,2650,2571.5,539,21,0,0,0,0,381,14.4,25,0.9,0,0,0,0,0,0,2179,82.2,0,0,0,0,0,0
2000,96099,1458,1356.57,487,35.9,0,0,0,0,214,14.7,27,1.9,12,0.8,0,0,0,0,1183,81.1,0,0,0,0,0,0
2000,96101,914,888.5,186.5,21,0,0,0,0,253,27.7,7,0.8,0,0,0,0,0,0,619,67.7,0,0,0,0,0,0
2000,96102,2460,2417.19,296.4,12.3,0,0,0,0,527,21.4,34,1.4,10,0.4,0,0,0,0,1720,69.9,0,0,0,0,0,0
2000,96103,1662,1633,1046,64.1,0,0,0,0,345,20.8,31,1.9,0,0,0,0,0,0,1278,76.9,0,0,0,0,0,0
2000,96104,3041,2994,2321,77.5,0,0,0,0,2833,93.2,8,0.3,0,0,0,0,0,0,191,6.3,0,0,0,0,0,0
2000,96106,3321,3304.15,327,9.9,0,0,0,0,780,23.5,37,1.1,0,0,0,0,0,0,2365,71.2,0,0,0,0,0,0
2000,96107,1069,1058,577,54.5,0,0,0,0,428,40,0,0,0,0,0,0,0,0,635,59.4,0,0,0,0,0,0
2000,96109,5294,5257.79,4415,84,0,0,0,0,5242,99,5,0.1,0,0,0,0,0,0,44,0.8,0,0,0,0,0,0
2000,96110,6450,6245.83,3126,50,0,0,0,0,1936,30,128,2,24,0.4,0,0,0,0,4240,65.7,0,0,0,0,0,0
2000,96111,7109,7137,4936,69.2,0,0,0,0,6236,87.7,19,0.3,0,0,0,0,0,0,839,11.8,0,0,0,0,0,0
2000,96112,4335,4281,2137,49.9,0,0,0,0,3707,85.5,20,0.5,6,0.1,0,0,0,0,567,13.1,0,0,0,0,0,0
2000,96113,1006,979,469,47.9,0,0,0,0,296,29.4,15,1.5,0,0,0,0,0,0,679,67.5,0,0,0,0,0,0
2000,96114,4208,4036.08,734.7,18.2,0,0,0,0,1101,26.2,23,0.5,0,0,0,0,0,0,3024,71.9,0,0,0,0,0,0
2000,96119,6716,962,739.5,76.9,0,0,0,0,1579,49,19,0.6,11,0.3,0,0,0,0,1589,49.3,0,0,0,0,0,0
2000,115115,44264,43702.98,35514,81.3,0,0,0,0,35638,80.5,418,0.9,37,0.1,0,0,0,0,7732,17.5,0,0,0,0,0,0
2001,96088,18889,18281.84,4559.5,24.9,0,0,0,0,9383,49.7,162,0.9,25,0.1,0,0,0,0,9102,48.2,0,0,0,0,0,0
2001,96089,11830,11774,5698,48.4,0,0,0,0,7284,61.6,108,0.9,23,0.2,0,0,0,0,4319,36.5,0,0,0,0,0,0
2001,96090,6579,6474.16,1781,27.5,0,0,0,0,1651,25.1,90,1.4,0,0,0,0,0,0,4712,71.6,0,0,0,0,0,0
2001,96091,21546,20646,2591,12.5,0,0,0,0,2842,13.2,189,0.9,25,0.1,0,0,0,0,17969,83.4,0,0,0,0,0,0
2001,96092,5061,4800.39,889.8,18.5,0,0,0,0,1247,24.6,44,0.9,0,0,0,0,0,0,3730,73.7,0,0,0,0,0,0
2001,96093,5294,5099.17,945,18.5,0,0,0,0,987,18.6,29,0.5,0,0,0,0,0,0,4201,79.4,0,0,0,0,0,0
2001,96094,12056,11433.73,2305,20.2,0,0,0,0,1688,14,60,0.5,9,0.1,0,0,0,0,10112,83.9,0,0,0,0,0,0
2001,96095,20231,19429.62,2721,14,0,0,0,0,3495,17.3,262,1.3,26,0.1,0,0,0,0,14925,73.8,0,0,0,0,0,0
2001,96098,2627,2532.5,504,19.9,0,0,0,0,350,13.3,28,1.1,0,0,0,0,0,0,2182,83.1,0,0,0,0,0,0
2001,96099,1489,1428.49,446,31.2,0,0,0,0,213,14.3,28,1.9,5,0.3,0,0,0,0,1218,81.8,0,0,0,0,0,0
2001,96101,929,894.26,193,21.6,0,0,0,0,261,28.1,11,1.2,0,0,0,0,0,0,609,65.6,0,0,0,0,0,0
2001,96102,2442,2412.45,341.4,14.2,0,0,0,0,529,21.7,27,1.1,9,0.4,0,0,0,0,1687,69.1,0,0,0,0,0,0
2001,96103,1738,1705.5,989,58,0,0,0,0,321,18.5,30,1.7,0,0,0,0,0,0,1378,79.3,0,0,0,0,0,0
2001,96104,3294,3311,2483,75,0,0,0,0,3109,94.4,12,0.4,0,0,0,0,0,0,168,5.1,0,0,0,0,0,0
2001,96106,3247,3229.4,264,8.2,0,0,0,0,699,21.5,40,1.2,0,0,0,0,0,0,2355,72.5,0,0,0,0,0,0
2001,96107,1083,1061.5,575,54.2,0,0,0,0,418,38.6,10,0.9,0,0,0,0,0,0,645,59.6,0,0,0,0,0,0
2001,96109,5603,5630.62,4185,74.3,0,0,0,0,5545,99,0,0,0,0,0,0,0,0,52,0.9,0,0,0,0,0,0
2001,96110,6590,6373,2674,42,0,0,0,0,2028,30.8,156,2.4,28,0.4,0,0,0,0,4251,64.5,0,0,0,0,0,0
2001,96111,7587,7502,5371,71.6,0,0,0,0,6861,90.4,15,0.2,0,0,0,0,0,0,696,9.2,0,0,0,0,0,0
2001,96112,4392,4333,2142,49.4,0,0,0,0,3769,85.8,23,0.5,6,0.1,0,0,0,0,541,12.3,0,0,0,0,0,0
2001,96113,1064,1030,479,46.5,0,0,0,0,314,29.5,22,2.1,0,0,0,0,0,0,704,66.2,0,0,0,0,0,0
2001,96114,4230,4066.35,822.2,20.2,0,0,0,0,1141,27,29,0.7,0,0,0,0,0,0,2994,70.8,0,0,0,0,0,0
2001,96119,2358,958.5,748,78,0,0,0,0,1269,53.8,9,0.4,7,0.3,0,0,0,0,1050,44.5,0,0,0,0,0,0
2001,115115,41988,41848,33850,80.9,0,0,0,0,33782,80.5,488,1.2,34,0.1,0,0,0,0,7097,16.9,0,0,0,0,0,0
2002,96088,18941,18353.82,4871,26.5,0,0,0,0,9803,51.8,162,0.9,12,0.1,0,0,0,0,8779,46.3,0,0,0,0,0,0
2002,96089,11922,11911.5,5972,50.1,0,0,0,0,7552,63.3,120,1,18,0.2,0,0,0,0,4140,34.7,0,0,0,0,0,0
2002,96090,6462,6376.5,1811,28.4,0,0,0,0,1550,24,104,1.6,0,0,0,0,0,0,4667,72.2,0,0,0,0,0,0
2002,96091,21644,20696.46,2535,12.2,0,0,0,0,2728,12.6,192,0.9,31,0.1,0,0,0,0,18122,83.7,0,0,0,0,0,0
2002,96092,5136,4875.61,940.6,19.3,0,0,0,0,1227,23.9,38,0.7,0,0,0,0,0,0,3823,74.4,0,0,0,0,0,0
2002,96093,5316,5115.46,960,18.8,0,0,0,0,942,17.7,33,0.6,0,0,0,0,0,0,4258,80.1,0,0,0,0,0,0
2002,96094,11920,11411.58,2093,18.3,0,0,0,0,1618,13.6,60,0.5,7,0.1,0,0,0,0,10046,84.3,0,0,0,0,0,0
2002,96095,20130,19354.94,2780,14.4,0,0,0,0,3473,17.3,303,1.5,31,0.2,0,0,0,0,14692,73,0,0,0,0,0,0
2002,96098,2637,2498,641,25.7,0,0,0,0,371,14.1,35,1.3,0,0,0,0,0,0,2160,81.9,0,0,0,0,0,0
2002,96099,1494,1391.57,499,35.9,0,0,0,0,204,13.7,34,2.3,0,0,0,0,0,0,1212,81.1,0,0,0,0,0,0
2002,96101,932,892.01,178,20,0,0,0,0,259,27.8,13,1.4,0,0,0,0,0,0,618,66.3,0,0,0,0,0,0
2002,96102,2442,2396.51,326,13.6,0,0,0,0,542,22.2,31,1.3,5,0.2,0,0,0,0,1670,68.4,0,0,0,0,0,0
2002,96103,1800,1771.27,1177,66.4,0,0,0,0,344,19.1,33,1.8,0,0,0,0,0,0,1416,78.7,0,0,0,0,0,0
2002,96104,3252,3116,2313,74.2,0,0,0,0,3094,95.1,10,0.3,0,0,0,0,0,0,147,4.5,0,0,0,0,0,0
2002,96106,3229,3209.05,186,5.8,0,0,0,0,646,20,46,1.4,0,0,0,0,0,0,2366,73.3,0,0,0,0,0,0
2002,96107,1113,1051,579,55.1,0,0,0,0,430,38.6,9,0.8,0,0,0,0,0,0,652,58.6,0,0,0,0,0,0
2002,96109,5494,5604.25,4158,74.2,0,0,0,0,5441,99,0,0,0,0,0,0,0,0,46,0.8,0,0,0,0,0,0
2002,96110,6299,6195,2757,44.5,0,0,0,0,1979,31.4,203,3.2,25,0.4,0,0,0,0,3968,63,0,0,0,0,0,0
2002,96111,7716,7681,5560,72.4,0,0,0,0,7136,92.5,16,0.2,0,0,0,0,0,0,551,7.1,0,0,0,0,0,0
2002,96112,4308,4286,2185,51,0,0,0,0,3717,86.3,18,0.4,0,0,0,0,0,0,521,12.1,0,0,0,0,0,0
2002,96113,1058,1029,460,44.7,0,0,0,0,323,30.5,23,2.2,0,0,0,0,0,0,686,64.8,0,0,0,0,0,0
2002,96114,4145,3969.53,790,19.9,0,0,0,0,1062,25.6,26,0.6,5,0.1,0,0,0,0,2998,72.3,0,0,0,0,0,0
2002,96119,2032,1118.5,756,67.6,0,0,0,0,1049,51.6,10,0.5,0,0,0,0,0,0,944,46.5,0,0,0,0,0,0
2002,115115,40868,40459.5,32891,81.3,0,0,0,0,32914,80.5,478,1.2,36,0.1,0,0,0,0,6846,16.8,0,0,0,0,0,0
2003,96088,19266,18587.27,5943,32,0,0,0,0,10513,54.6,198,1,11,0.1,0,0,0,0,8353,43.4,0,0,0,0,0,0
2003,96089,11949,11883.7,6150,51.8,0,0,0,0,7874,65.9,136,1.1,23,0.2,0,0,0,0,3821,32,0,0,0,0,0,0
2003,96090,6066,6084,1795,29.5,0,0,0,0,1452,23.9,137,2.3,0,0,0,0,0,0,4301,70.9,0,0,0,0,0,0
2003,96091,21894,20951.33,2728,13,0,0,0,0,2699,12.3,212,1,46,0.2,0,0,0,0,18313,83.6,0,0,0,0,0,0
2003,96092,5101,4870.98,918,18.8,0,0,0,0,1228,24.1,40,0.8,0,0,0,0,0,0,3773,74,0,0,0,0,0,0
2003,96093,5289,5050.45,838,16.6,0,0,0,0,718,13.6,38,0.7,0,0,0,0,0,0,4441,84,0,0,0,0,0,0
2003,96094,11799,11292.65,2319,20.5,0,0,0,0,1544,13.1,49,0.4,10,0.1,0,0,0,0,10003,84.8,0,0,0,0,0,0
2003,96095,19928,19235.94,2941.5,15.3,0,0,0,0,3390,17,325,1.6,17,0.1,0,0,0,0,14475,72.6,0,0,0,0,0,0
2003,96098,2571,2458.5,574,23.3,0,0,0,0,323,12.6,41,1.6,0,0,0,0,0,0,2144,83.4,0,0,0,0,0,0
2003,96099,1487,1462.52,553.7,37.9,0,0,0,0,167,11.2,37,2.5,0,0,0,0,0,0,1228,82.6,0,0,0,0,0,0
2003,96101,868,852.38,181,21.2,0,0,0,0,244,28.1,16,1.8,0,0,0,0,0,0,577,66.5,0,0,0,0,0,0
2003,96102,2478,2460.65,378,15.4,0,0,0,0,559,22.6,35,1.4,0,0,0,0,0,0,1676,67.6,0,0,0,0,0,0
2003,96103,1802,1788,1224.8,68.5,0,0,0,0,354,19.6,40,2.2,0,0,0,0,0,0,1400,77.7,0,0,0,0,0,0
2003,96104,3131,3107,2438,78.5,0,0,0,0,2981,95.2,0,0,0,0,0,0,0,0,144,4.6,0,0,0,0,0,0
2003,96106,3272,3230.14,264,8.2,0,0,0,0,586,17.9,39,1.2,5,0.2,0,0,0,0,2457,75.1,0,0,0,0,0,0
2003,96107,1062,1018,558,54.8,0,0,0,0,393,37,17,1.6,0,0,0,0,0,0,628,59.1,0,0,0,0,0,0
2003,96109,5502,5418,4285,79.1,0,0,0,0,5401,98.2,16,0.3,0,0,0,0,0,0,76,1.4,0,0,0,0,0,0
2003,96110,6322,6150.5,2826.5,46,0,0,0,0,2125,33.6,257,4.1,26,0.4,0,0,0,0,3779,59.8,0,0,0,0,0,0
2003,96111,7778,7742,5909,76.3,0,0,0,0,7297,93.8,25,0.3,7,0.1,0,0,0,0,438,5.6,0,0,0,0,0,0
2003,96112,4190,4142,2231,53.9,0,0,0,0,3590,85.7,24,0.6,0,0,0,0,0,0,526,12.6,0,0,0,0,0,0
2003,96113,1048,1033,483,46.8,0,0,0,0,311,29.7,23,2.2,0,0,0,0,0,0,685,65.4,0,0,0,0,0,0
2003,96114,4116,3963.75,748.2,18.9,0,0,0,0,1044,25.4,31,0.8,7,0.2,0,0,0,0,2974,72.3,0,0,0,0,0,0
2003,96119,2184,2623,803,30.6,0,0,0,0,1112,50.9,20,0.9,13,0.6,0,0,0,0,1008,46.2,0,0,0,0,0,0
2003,115115,39916,39303.5,32779,83.4,0,0,0,0,32314,81,536,1.3,33,0.1,0,0,0,0,6503,16.3,0,0,0,0,0,0
2004,96088,19311,18539.04,6348,34.2,0,0,0,0,11028,57.1,221,1.1,0,0,0,0,0,0,7879,40.8,0,0,0,0,0,0
2004,96089,12081,12017.41,6531,54.3,0,0,0,0,8240,68.2,169,1.4,21,0.2,0,0,0,0,3553,29.4,0,0,0,0,0,0
2004,96090,5946,5785.02,1832,31.7,0,0,0,0,1456,24.5,188,3.2,6,0.1,0,0,0,0,4122,69.3,0,0,0,0,0,0
2004,96091,22034,21072.15,2644,12.5,0,0,0,0,2637,12,257,1.2,51,0.2,0,0,0,0,18426,83.6,0,0,0,0,0,0
2004,96092,5109,4826.83,898.6,18.6,0,0,0,0,1224,24,51,1,0,0,0,0,0,0,3782,74,0,0,0,0,0,0
2004,96093,5437,5234.05,968,18.5,0,0,0,0,744,13.7,37,0.7,0,0,0,0,0,0,4556,83.8,0,0,0,0,0,0
2004,96094,11727,11235.96,2431.5,21.6,0,0,0,0,1515,12.9,57,0.5,11,0.1,0,0,0,0,9946,84.8,0,0,0,0,0,0
2004,96095,19578,18896.58,2995.4,15.9,0,0,0,0,3382,17.3,333,1.7,19,0.1,0,0,0,0,14076,71.9,0,0,0,0,0,0
2004,96098,2526,2455.4,633,25.8,0,0,0,0,296,11.7,36,1.4,0,0,0,0,0,0,2132,84.4,0,0,0,0,0,0
2004,96099,1550,1539.53,765.9,49.7,0,0,0,0,220,14.2,37,2.4,7,0.5,0,0,0,0,1228,79.2,0,0,0,0,0,0
2004,96101,856,841.16,198.5,23.6,0,0,0,0,241,28.2,19,2.2,0,0,0,0,0,0,560,65.4,0,0,0,0,0,0
2004,96102,2547,2519.64,433,17.2,0,0,0,0,582,22.9,42,1.6,0,0,0,0,0,0,1711,67.2,0,0,0,0,0,0
2004,96103,1816,1787.9,1307.3,73.1,0,0,0,0,359,19.8,32,1.8,0,0,0,0,0,0,1415,77.9,0,0,0,0,0,0
2004,96104,3246,3224,2538,78.7,0,0,0,0,3141,96.8,5,0.2,0,0,0,0,0,0,99,3,0,0,0,0,0,0
2004,96106,3204,3181.39,276,8.7,0,0,0,0,562,17.5,42,1.3,6,0.2,0,0,0,0,2391,74.6,0,0,0,0,0,0
2004,96107,1013,953.81,502.2,52.7,0,0,0,0,369,36.4,27,2.7,0,0,0,0,0,0,596,58.8,0,0,0,0,0,0
2004,96109,5257,5246.75,4208,80.2,0,0,0,0,5178,98.5,8,0.2,0,0,0,0,0,0,61,1.2,0,0,0,0,0,0
2004,96110,6174,6036,3090,51.2,0,0,0,0,2076,33.6,311,5,28,0.5,0,0,0,0,3630,58.8,0,0,0,0,0,0
2004,96111,7877,7853,6021.5,76.7,0,0,0,0,7464,94.8,25,0.3,0,0,0,0,0,0,380,4.8,0,0,0,0,0,0
2004,96112,3974,3914,2248,57.4,0,0,0,0,3406,85.7,31,0.8,5,0.1,0,0,0,0,490,12.3,0,0,0,0,0,0
2004,96113,1061,1028.5,481,46.8,0,0,0,0,298,28.1,43,4.1,0,0,0,0,0,0,690,65,0,0,0,0,0,0
2004,96114,4186,3998.77,789,19.7,0,0,0,0,1072,25.6,39,0.9,0,0,0,0,0,0,2996,71.6,0,0,0,0,0,0
2004,96119,2047,2557.3,1068,41.8,0,0,0,0,1093,53.4,21,1,0,0,0,0,0,0,902,44.1,0,0,0,0,0,0
2004,115115,38374,37259,31548,84.7,0,0,0,0,31049,80.9,578,1.5,55,0.1,0,0,0,0,6116,15.9,0,0,0,0,0,0
2005,96088,19315,18267.82,7113.3,38.9,0,0,0,0,11526,59.7,242,1.3,0,0,0,0,0,0,7399,38.3,0,0,0,0,0,0
2005,96089,12220,11915.9,6795.5,57,0,0,0,0,8599,70.4,159,1.3,27,0.2,0,0,0,0,3323,27.2,0,0,0,0,0,0
2005,96090,5690,5568.25,1806,32.4,0,0,0,0,1374,24.1,195,3.4,9,0.2,0,0,0,0,3937,69.2,0,0,0,0,0,0
2005,96091,21871,20921.06,2615,12.5,0,0,0,0,2491,11.4,267,1.2,39,0.2,0,0,0,0,18282,83.6,0,0,0,0,0,0
2005,96092,5027,4778.22,887.8,18.6,0,0,0,0,1181,23.5,31,0.6,0,0,0,0,0,0,3748,74.6,0,0,0,0,0,0
2005,96093,5488,5212.42,946.9,18.2,0,0,0,0,695,12.7,42,0.8,0,0,0,0,0,0,4658,84.9,0,0,0,0,0,0
2005,96094,11649,11207.1,2305.6,20.6,0,0,0,0,1552,13.3,85,0.7,0,0,0,0,0,0,9803,84.2,0,0,0,0,0,0
2005,96095,18994,18298.82,2956,16.2,0,0,0,0,3256,17.1,352,1.9,15,0.1,0,0,0,0,13510,71.1,0,0,0,0,0,0
2005,96098,2481,2364.7,634,26.8,0,0,0,0,287,11.6,33,1.3,0,0,0,0,0,0,2100,84.6,0,0,0,0,0,0
2005,96099,1596,1560.82,760.9,48.8,0,0,0,0,197,12.3,39,2.4,6,0.4,0,0,0,0,1282,80.3,0,0,0,0,0,0
2005,96101,812,794.25,204,25.7,0,0,0,0,235,28.9,19,2.3,0,0,0,0,0,0,521,64.2,0,0,0,0,0,0
2005,96102,2558,2478.8,428,17.3,0,0,0,0,587,22.9,44,1.7,0,0,0,0,0,0,1708,66.8,0,0,0,0,0,0
2005,96103,1878,1825.1,1321.3,72.4,0,0,0,0,415,22.1,34,1.8,0,0,0,0,0,0,1421,75.7,0,0,0,0,0,0
2005,96104,3227,3217.5,2564,79.7,0,0,0,0,3142,97.4,0,0,0,0,0,0,0,0,81,2.5,0,0,0,0,0,0
2005,96106,3293,3239.27,298,9.2,0,0,0,0,553,16.8,54,1.6,9,0.3,0,0,0,0,2443,74.2,0,0,0,0,0,0
2005,96107,1001,983.31,508.7,51.7,0,0,0,0,373,37.3,28,2.8,0,0,0,0,0,0,582,58.1,0,0,0,0,0,0
2005,96109,5289,5288.04,4393,83.1,0,0,0,0,5180,97.9,15,0.3,0,0,0,0,0,0,84,1.6,0,0,0,0,0,0
2005,96110,6101,5921.5,3320.5,56.1,0,0,0,0,2096,34.4,397,6.5,25,0.4,0,0,0,0,3446,56.5,0,0,0,0,0,0
2005,96111,7981,8043,6177,76.8,0,0,0,0,7640,95.7,21,0.3,0,0,0,0,0,0,310,3.9,0,0,0,0,0,0
2005,96112,3784,3739,2209,59.1,0,0,0,0,3261,86.2,30,0.8,9,0.2,0,0,0,0,439,11.6,0,0,0,0,0,0
2005,96113,1018,993,497,50.1,0,0,0,0,286,28.1,44,4.3,5,0.5,0,0,0,0,654,64.2,0,0,0,0,0,0
2005,96114,4105,3918.37,791.4,20.2,0,0,0,0,1069,26,38,0.9,0,0,0,0,0,0,2923,71.2,0,0,0,0,0,0
2005,96119,2079,2686.32,1230.5,45.8,0,0,0,0,1131,54.4,14,0.7,6,0.3,0,0,0,0,905,43.5,0,0,0,0,0,0
2005,115115,36045,35200,30301,86.1,0,0,0,0,29154,80.9,746,2.1,72,0.2,0,0,0,0,5461,15.2,0,0,0,0,0,0
2006,96088,19556,18822.61,7745,41.1,0,0,0,0,12187,62.3,248,1.3,0,0,0,0,0,0,6946,35.5,0,0,0,0,2962,15.15
2006,96089,12319,12013.39,7025.9,58.5,0,0,0,0,9008,73.1,148,1.2,19,0.2,0,0,0,0,3043,24.7,0,0,0,0,1959,15.9
2006,96090,5776,5635.29,2127,37.7,0,0,0,0,1506,26.1,245,4.2,12,0.2,0,0,0,0,3804,65.9,0,0,0,0,957,16.57
2006,96091,22047,21121.33,2652.5,12.6,0,0,0,0,2279,10.3,322,1.5,39,0.2,0,0,0,0,18531,84.1,0,0,0,0,3429,15.55
2006,96092,4995,4733.57,826.9,17.5,0,0,0,0,1108,22.2,56,1.1,0,0,0,0,0,0,3757,75.2,0,0,0,0,932,18.66
2006,96093,5501,5228.01,835.1,16,0,0,0,0,578,10.5,53,1,7,0.1,0,0,0,0,4740,86.2,0,0,0,0,752,13.67
2006,96094,11308,10900.42,2318.6,21.3,0,0,0,0,1377,12.2,95,0.8,0,0,0,0,0,0,9599,84.9,0,0,0,0,1855,16.4
2006,96095,18787,17988.64,2956.5,16.4,0,0,0,0,3152,16.8,360,1.9,15,0.1,0,0,0,0,13349,71.1,0,0,0,0,3243,17.26
2006,96098,2507,2370.97,672,28.3,0,0,0,0,272,10.8,37,1.5,6,0.2,0,0,0,0,2125,84.8,0,0,0,0,428,17.07
2006,96099,1574,1535.58,771.4,50.2,0,0,0,0,182,11.6,41,2.6,7,0.4,0,0,0,0,1244,79,0,0,0,0,226,14.36
2006,96101,816,796,186.5,23.4,0,0,0,0,209,25.6,18,2.2,0,0,0,0,0,0,556,68.1,0,0,0,0,171,20.96
2006,96102,2460,2449.54,376,15.3,0,0,0,0,549,22.3,45,1.8,0,0,0,0,0,0,1659,67.4,0,0,0,0,345,14.02
2006,96103,1779,1717.97,1198.7,69.8,0,0,0,0,385,21.6,44,2.5,7,0.4,0,0,0,0,1334,75,0,0,0,0,274,15.4
2006,96104,3264,3205,2523,78.7,0,0,0,0,3193,97.8,0,0,0,0,0,0,0,0,64,2,0,0,0,0,622,19.06
2006,96106,3357,3352.14,308,9.2,0,0,0,0,565,16.8,67,2,6,0.2,0,0,0,0,2458,73.2,0,0,0,0,484,14.42
2006,96107,971,948.85,518.9,54.7,0,0,0,0,372,38.3,30,3.1,0,0,0,0,0,0,553,57,0,0,0,0,187,19.26
2006,96109,5233,5232.69,4257,81.4,0,0,0,0,5175,98.9,17,0.3,0,0,0,0,0,0,36,0.7,0,0,0,0,847,16.19
2006,96110,6154,5582,3486.5,62.5,0,0,0,0,2138,34.7,519,8.4,22,0.4,0,0,0,0,3327,54.1,0,0,0,0,1030,16.74
2006,96111,8032,7988,6300,78.9,0,0,0,0,7751,96.5,19,0.2,0,0,0,0,0,0,256,3.2,0,0,0,0,1291,16.07
2006,96112,3608,3609,2194,60.8,0,0,0,0,3099,85.9,32,0.9,7,0.2,0,0,0,0,428,11.9,0,0,0,0,618,17.13
2006,96113,963,930,462,49.7,0,0,0,0,258,26.8,47,4.9,7,0.7,0,0,0,0,624,64.8,0,0,0,0,191,19.83
2006,96114,4068,3904.78,769,19.7,0,0,0,0,1010,24.8,43,1.1,0,0,0,0,0,0,2939,72.2,0,0,0,0,716,17.6
2006,96119,2105,2678.86,1125.9,42,0,0,0,0,1152,54.7,15,0.7,5,0.2,0,0,0,0,903,42.9,0,0,0,0,3152,149.74
2006,115115,35361,34408.27,27870.8,81,0,0,0,0,28930,81.8,796,2.3,83,0.2,0,0,0,0,4944,14,0,0,0,0,6357,17.98
2007,96088,19297,18532.39,8412.5,45.4,0,0,0,0,12908,66.9,254,1.3,7,0,0,0,0,0,5950,30.8,0,0,0,0,2920,15.13
2007,96089,12231,12011.87,7240.9,60.3,0,0,0,0,9222,75.4,132,1.1,11,0.1,0,0,0,0,2761,22.6,0,0,0,0,1972,16.12
2007,96090,5544,5375.42,1817,33.8,0,0,0,0,1437,25.9,264,4.8,15,0.3,0,0,0,0,3628,65.4,0,0,0,0,919,16.58
2007,96091,22245,21311.34,2789,13.1,0,0,0,0,2458,11,342,1.5,46,0.2,0,0,0,0,18474,83,0,0,0,0,3427,15.41
2007,96092,4986,4736.32,772.9,16.3,0,0,0,0,1117,22.4,61,1.2,0,0,0,0,0,0,3735,74.9,0,0,0,0,919,18.43
2007,96093,5597,5248.38,785.7,15,0,0,0,0,521,9.3,63,1.1,8,0.1,0,0,0,0,4874,87.1,0,0,0,0,786,14.04
2007,96094,11083,10709.05,2177.5,20.3,0,0,0,0,1223,11,110,1,0,0,0,0,0,0,9495,85.7,0,0,0,0,1753,15.82
2007,96095,18432,17689.21,2938,16.6,0,0,0,0,3095,16.8,371,2,20,0.1,0,0,0,0,13028,70.7,0,0,0,0,3178,17.24
2007,96098,2500,2364.3,695.8,29.4,0,0,0,0,251,10,44,1.8,6,0.2,0,0,0,0,2125,85,0,0,0,0,438,17.52
2007,96099,1585,1584.12,755.6,47.7,0,0,0,0,176,11.1,41,2.6,5,0.3,0,0,0,0,1245,78.5,0,0,0,0,204,12.87
2007,96101,787,774.04,157.7,20.4,0,0,0,0,194,24.7,16,2,0,0,0,0,0,0,545,69.3,0,0,0,0,189,24.02
2007,96102,2538,2440.04,373,15.3,0,0,0,0,555,21.9,50,2,0,0,0,0,0,0,1697,66.9,0,0,0,0,345,13.59
2007,96103,1773,1737,1233,71,0,0,0,0,455,25.7,46,2.6,8,0.5,0,0,0,0,1255,70.8,0,0,0,0,264,14.89
2007,96104,3314,3269.5,2606,79.7,0,0,0,0,3261,98.4,0,0,0,0,0,0,0,0,47,1.4,0,0,0,0,598,18.04
2007,96106,3522,3496.26,293,8.4,0,0,0,0,589,16.7,73,2.1,12,0.3,0,0,0,0,2561,72.7,0,0,0,0,487,13.83
2007,96107,1024,986.34,528.9,53.6,0,0,0,0,423,41.3,32,3.1,0,0,0,0,0,0,547,53.4,0,0,0,0,195,19.04
2007,96109,5037,4978,3797,76.3,0,0,0,0,4996,99.2,14,0.3,0,0,0,0,0,0,23,0.5,0,0,0,0,747,14.83
2007,96110,6247,6151,3872.5,63,0,0,0,0,2287,36.6,596,9.5,27,0.4,0,0,0,0,3177,50.9,0,0,0,0,1017,16.28
2007,96111,7738,7725,5956,77.1,0,0,0,0,7537,97.4,19,0.2,0,0,0,0,0,0,178,2.3,0,0,0,0,1269,16.4
2007,96112,3550,3495,2086,59.7,0,0,0,0,3034,85.5,34,1,6,0.2,0,0,0,0,436,12.3,0,0,0,0,547,15.41
2007,96113,987,960,458,47.7,0,0,0,0,272,27.6,44,4.5,0,0,0,0,0,0,622,63,0,0,0,0,198,20.06
2007,96114,4103,3911.12,746.6,19.1,0,0,0,0,999,24.3,47,1.1,0,0,0,0,0,0,2977,72.6,0,0,0,0,729,17.77
2007,96119,3345,2691.43,1069.4,39.7,0,0,0,0,1281,38.3,30,0.9,0,0,0,0,0,0,1990,59.5,0,0,0,0,3316,99.13
2007,115115,32135,30640.98,24557.8,80.1,0,0,0,0,26265,81.7,818,2.5,73,0.2,0,0,0,0,4360,13.6,0,0,0,0,5664,17.63
2008,96088,19160,18880.2,8705,46.1,0,0,187,1,12811,66.9,276,1.4,7,0,0,0,0,0,5879,30.7,0,0,0,0,3004,15.68
2008,96089,12186,11763.08,7371.6,62.7,0,0,102,0.8,9407,77.2,148,1.2,13,0.1,0,0,0,0,2516,20.6,0,0,0,0,1975,16.21
2008,96090,5430,5352.09,1881,35.1,0,0,215,4,1448,26.7,306,5.6,14,0.3,0,0,0,0,3447,63.5,0,0,0,0,931,17.15
2008,96091,22412,21419.42,2778.2,13,0,0,1031,4.6,2504,11.2,385,1.7,50,0.2,0,0,0,0,18442,82.3,0,0,0,0,3463,15.45
2008,96092,4975,4705.39,761.4,16.2,0,0,83,1.7,1081,21.7,73,1.5,0,0,0,0,0,0,3734,75.1,0,0,0,0,850,17.09
2008,96093,5599,5248.16,735.1,14,0,0,154,2.8,458,8.2,84,1.5,5,0.1,0,0,0,0,4898,87.5,0,0,0,0,759,13.56
2008,96094,10969,11590.62,2295.6,19.8,0,0,275,2.5,1233,11.2,134,1.2,7,0.1,0,0,0,0,9320,85,0,0,0,0,1751,15.96
2008,96095,18031,17261.49,2929.5,17,0,0,1963,10.9,3015,16.7,401,2.2,27,0.1,0,0,0,0,12625,70,0,0,0,0,3065,17
2008,96098,2517,2398.72,707,29.5,0,0,76,3,240,9.5,53,2.1,5,0.2,0,0,0,0,2143,85.1,0,0,0,0,442,17.56
2008,96099,1665,1631.97,844.6,51.8,0,0,136,8.2,188,11.3,38,2.3,5,0.3,0,0,0,0,1298,78,0,0,0,0,222,13.33
2008,96101,792,785.32,168.5,21.5,0,0,28,3.5,190,24,23,2.9,0,0,0,0,0,0,550,69.4,0,0,0,0,132,16.67
2008,96102,2479,2390.63,333,13.9,0,0,236,9.5,548,22.1,48,1.9,0,0,0,0,0,0,1643,66.3,0,0,0,0,314,12.67
2008,96103,1803,1777,1252,70.5,0,0,0,0,468,26,55,3.1,6,0.3,0,0,0,0,1269,70.4,0,0,0,0,250,13.87
2008,96104,3325,3178,2579,81.2,0,0,0,0,3283,98.7,0,0,0,0,0,0,0,0,41,1.2,0,0,0,0,594,17.86
2008,96106,3580,3593,275,7.7,0,0,329,9.2,605,16.9,74,2.1,11,0.3,0,0,0,0,2561,71.5,0,0,0,0,511,14.27
2008,96107,1049,1017.53,534.9,52.6,0,0,20,1.9,431,41.1,27,2.6,0,0,0,0,0,0,570,54.3,0,0,0,0,174,16.59
2008,96109,4626,4674,3861,82.6,0,0,0,0,4570,98.8,14,0.3,0,0,0,0,0,0,39,0.8,0,0,0,0,679,14.68
2008,96110,6358,6235,3913,62.8,0,0,175,2.8,2384,37.5,684,10.8,34,0.5,0,0,0,0,3081,48.5,0,0,0,0,1003,15.78
2008,96111,7367,7221,5699.5,78.9,0,0,0,0,7121,96.7,19,0.3,81,1.1,0,0,0,0,142,1.9,0,0,0,0,1163,15.79
2008,96112,3286,3258.53,1927,59.1,0,0,41,1.2,2812,85.6,36,1.1,17,0.5,0,0,0,0,380,11.6,0,0,0,0,567,17.26
2008,96113,997,989,462,46.7,0,0,52,5.2,269,27,48,4.8,0,0,0,0,0,0,624,62.6,0,0,0,0,191,19.16
2008,96114,4127,3969.11,773.3,19.5,0,0,94,2.3,979,23.7,51,1.2,0,0,0,0,0,0,3002,72.7,0,0,0,0,740,17.93
2008,96119,3263,2746.57,1118.2,40.7,0,0,34,1,1236,37.9,25,0.8,0,0,0,0,0,0,1966,60.3,0,0,0,0,2871,87.99
2008,115115,27574,26638,19252,72.3,0,0,598,2.2,22444,81.4,713,2.6,75,0.3,0,0,0,0,3744,13.6,0,0,0,0,5027,18.23
2008,115906,2219,2172,1972,90.8,0,0,7,0.3,2054,92.6,133,6,0,0,0,0,0,0,23,1,0,0,0,0,161,7.26
2009,96088,18585,18484.86,9788.6,53,0,0,201,1.1,12664,68.1,280,1.5,25,0.1,0,0,0,0,5415,29.1,275,1.48,0,0,2710,14.58
2009,96089,11998,11538.68,7344,63.6,0,0,96,0.8,9392,78.3,159,1.3,13,0.1,0,0,0,0,2338,19.5,98,0.82,0,0,1779,14.83
2009,96090,5446,5269.37,1904.8,36.1,0,0,242,4.4,1505,27.6,315,5.8,20,0.4,0,0,0,0,3364,61.8,295,5.42,0,0,858,15.75
2009,96091,22285,19994.99,2646.6,13.2,0,0,1136,5.1,2303,10.3,395,1.8,44,0.2,0,0,0,0,18407,82.6,252,1.13,0,0,3386,15.19
2009,96092,5021,4752.4,811.7,17.1,0,0,107,2.1,1048,20.9,78,1.6,7,0.1,0,0,0,0,3781,75.3,23,0.46,0,0,840,16.73
2009,96093,5643,5303.43,798.9,15.1,0,0,191,3.4,431,7.6,94,1.7,6,0.1,0,0,0,0,4921,87.2,127,2.25,0,0,705,12.49
2009,96094,10788,10336.24,2284.1,22.1,0,0,281,2.6,1146,10.6,153,1.4,11,0.1,0,0,0,0,9197,85.3,705,6.54,0,0,1665,15.43
2009,96095,17467,16586.99,2820.4,17,0,0,1916,11,2809,16.1,416,2.4,35,0.2,0,0,0,0,12291,70.4,374,2.14,37,100,3125,17.89
2009,96098,2453,2406.86,781.5,32.5,0,0,84,3.4,232,9.5,58,2.4,7,0.3,0,0,0,0,2072,84.5,135,5.5,0,0,407,16.59
2009,96099,1655,1606.43,902.7,56.2,0,0,152,9.2,182,11,35,2.1,0,0,0,0,0,0,1282,77.5,219,13.23,16,28.07,208,12.57
2009,96101,803,816.76,186.5,22.8,0,0,33,4.1,182,22.7,20,2.5,0,0,0,0,0,0,568,70.7,27,3.36,0,0,116,14.45
2009,96102,2487,2435.01,393,16.1,0,0,233,9.4,556,22.4,57,2.3,0,0,0,0,0,0,1638,65.9,93,3.74,0,0,291,11.7
2009,96103,1699,1635.35,1172.9,71.7,0,0,0,0,431,25.4,59,3.5,6,0.4,0,0,0,0,1197,70.5,80,4.71,0,0,216,12.71
2009,96104,3110,3009.78,2521,83.8,0,0,0,0,3085,99.2,0,0,0,0,0,0,0,0,25,0.8,0,0,0,0,551,17.72
2009,96106,3701,3678,296.3,8.1,0,0,367,9.9,590,15.9,95,2.6,11,0.3,0,0,0,0,2638,71.3,49,1.32,0,0,486,13.13
2009,96107,1033,1007.24,529.2,52.5,0,0,18,1.7,428,41.4,24,2.3,0,0,0,0,0,0,562,54.4,14,1.36,0,0,159,15.39
2009,96109,4539,4319.5,3707,85.8,0,0,0,0,4467,98.4,13,0.3,0,0,0,0,0,0,58,1.3,10,0.22,0,0,596,13.13
2009,96110,6355,6092,4160,68.3,0,0,158,2.5,2491,39.2,721,11.3,33,0.5,0,0,0,0,2952,46.5,472,7.43,0,0,904,14.23
2009,96111,6779,6767.86,5663,83.7,0,0,18,0.3,6605,97.4,20,0.3,0,0,0,0,0,0,134,2,0,0,0,0,1007,14.85
2009,96112,3213,3128.24,1858,59.4,0,0,47,1.5,2724,84.8,42,1.3,14,0.4,0,0,0,0,386,12,68,2.12,10,12.35,441,13.73
2009,96113,988,971,461,47.5,0,0,67,6.8,240,24.3,46,4.7,0,0,0,0,0,0,632,64,45,4.55,0,0,162,16.4
2009,96114,4175,3989.53,739,18.5,0,0,93,2.2,975,23.4,52,1.2,0,0,0,0,0,0,3055,73.2,27,0.65,0,0,706,16.91
2009,96119,4225,2716.7,984.3,36.2,0,0,43,1,1992,47.1,50,1.2,8,0.2,0,0,0,0,2132,50.5,5,0.12,0,0,2715,64.26
2009,115115,26108,25586.12,17579.4,68.7,0,0,613,2.3,21142,81,701,2.7,67,0.3,0,0,0,0,3585,13.7,1893,7.25,31,2.36,4594,17.6
2009,115906,2732,2615,2497,95.5,0,0,9,0.3,2477,90.7,184,6.7,0,0,0,0,0,0,59,2.2,185,6.77,0,0,202,7.39
2010,96088,18378,18073.62,10025.7,55.5,0,0,210,1.1,12774,69.5,290,1.6,25,0.1,0,0,0,0,5079,27.6,301,1.64,0,0,2626,14.29
2010,96089,11713,11574,7861.7,67.9,0,0,88,0.8,9337,79.7,158,1.3,12,0.1,0,0,0,0,2118,18.1,91,0.78,0,0,1695,14.47
2010,96090,5509,5369.17,2178.5,40.6,0,0,230,4.2,1653,30,330,6,12,0.2,0,0,0,0,3284,59.6,280,5.08,0,0,827,15.01
2010,96091,22382,21577.14,3112.2,14.4,0,0,1207,5.4,2262,10.1,405,1.8,39,0.2,0,0,0,0,18469,82.5,246,1.1,0,0,3306,14.77
2010,96092,4996,4746.51,779.2,16.4,0,0,120,2.4,934,18.7,96,1.9,0,0,0,0,0,0,3842,76.9,32,0.64,0,0,751,15.03
2010,96093,5678,5334.95,878.7,16.5,0,0,211,3.7,396,7,92,1.6,8,0.1,0,0,0,0,4971,87.5,152,2.68,0,0,713,12.56
2010,96094,10816,10308.43,2718.6,26.4,0,0,284,2.6,1116,10.3,168,1.6,13,0.1,0,0,0,0,9235,85.4,753,6.96,0,0,1625,15.02
2010,96095,17386,16623.84,3148.6,18.9,0,0,1972,11.3,2764,15.9,439,2.5,45,0.3,0,0,0,0,12166,70,475,2.73,0,0,2979,17.13
2010,96098,2476,2450.87,862.9,35.2,0,0,81,3.3,235,9.5,69,2.8,8,0.3,0,0,0,0,2083,84.1,160,6.46,0,0,402,16.24
2010,96099,1621,1553.82,881.2,56.7,0,0,166,10.2,172,10.6,40,2.5,6,0.4,0,0,0,0,1237,76.3,207,12.77,0,0,189,11.66
2010,96101,803,779.65,210.9,27.1,0,0,27,3.4,177,22,32,4,0,0,0,0,0,0,567,70.6,21,2.62,0,0,117,14.57
2010,96102,2478,2387.13,388.6,16.3,0,0,255,10.3,554,22.4,68,2.7,0,0,0,0,0,0,1597,64.4,94,3.79,0,0,258,10.41
2010,96103,1610,1577.08,1178.8,74.7,0,0,0,0,386,24,49,3,7,0.4,0,0,0,0,1162,72.2,78,4.84,7,6.8,217,13.48
2010,96104,3009,2960.44,2516,85,0,0,0,0,2976,98.9,0,0,0,0,0,0,0,0,31,1,0,0,0,0,545,18.11
2010,96106,3799,3727.65,345.6,9.3,0,0,409,10.8,607,16,122,3.2,12,0.3,0,0,0,0,2649,69.7,71,1.87,0,0,485,12.77
2010,96107,1034,1003.6,561.5,55.9,0,0,16,1.5,439,42.5,20,1.9,0,0,0,0,0,0,556,53.8,18,1.74,0,0,156,15.09
2010,96109,4170,4094.25,3600.3,87.9,0,0,6,0.1,4088,98,19,0.5,0,0,0,0,0,0,57,1.4,10,0.24,0,0,515,12.35
2010,96110,6344,6190.5,4423,71.4,0,0,153,2.4,2497,39.4,783,12.3,38,0.6,0,0,0,0,2873,45.3,456,7.19,0,0,865,13.63
2010,96111,6652,6453.37,5670.6,87.9,0,0,26,0.4,6502,97.7,14,0.2,0,0,0,0,0,0,107,1.6,0,0,0,0,983,14.78
2010,96112,3188,3134.32,1984.9,63.3,0,0,49,1.5,2690,84.4,49,1.5,11,0.3,0,0,0,0,389,12.2,62,1.94,0,0,476,14.93
2010,96113,1016,988.01,479.1,48.5,0,0,62,6.1,231,22.7,43,4.2,0,0,0,0,0,0,676,66.5,36,3.54,0,0,172,16.93
2010,96114,4248,4039.28,802.2,19.9,0,0,97,2.3,973,22.9,59,1.4,0,0,0,0,0,0,3116,73.4,28,0.66,0,0,668,15.73
2010,96119,4500,2759.59,1229.6,44.6,0,0,55,1.2,1993,44.3,68,1.5,9,0.2,0,0,0,0,2375,52.8,7,0.16,0,0,2597,57.71
2010,115115,25046,24580.4,20607.4,83.8,0,0,633,2.5,20186,80.6,736,2.9,63,0.3,0,0,0,0,3428,13.7,1861,7.43,5,0.4,4253,16.98
2010,115906,2992,2923,2798,95.7,0,0,15,0.5,2701,90.3,219,7.3,0,0,0,0,0,0,56,1.9,205,6.85,0,0,228,7.62
2010,115914,83,76,72,94.7,0,0,0,0,83,100,0,0,0,0,0,0,0,0,0,0,0,0,0,0,11,13.25
2011,96088,18074,17804.56,10262.8,57.6,203,1.1,0,0,12752,70.6,330,1.8,0,0,48,0.3,0,0,4722,26.1,276,1.53,0,0,2594,14.35
2011,96089,11674,11351.85,7806.1,68.8,62,0.5,0,0,8929,76.5,264,2.3,0,0,554,4.7,0,0,1854,15.9,120,1.03,0,0,1665,14.26
2011,96090,5518,5409.4,2319.9,42.9,247,4.5,0,0,1737,31.5,359,6.5,12,0.2,0,0,0,0,3162,57.3,266,4.82,0,0,890,16.13
2011,96091,22568,21529.41,3190.2,14.8,1266,5.6,0,0,2403,10.6,445,2,0,0,82,0.4,0,0,18324,81.2,394,1.75,0,0,3286,14.56
2011,96092,5110,4839.71,819.5,16.9,97,1.9,0,0,840,16.4,111,2.2,0,0,146,2.9,0,0,3908,76.5,43,0.84,0,0,702,13.74
2011,96093,5696,5406.26,955.4,17.7,220,3.9,0,0,348,6.1,120,2.1,0,0,73,1.3,0,0,4922,86.4,148,2.6,0,0,710,12.46
2011,96094,10699,10200.7,2763.9,27.1,322,3,0,0,969,9.1,285,2.7,12,0.1,200,1.9,5,0,8906,83.2,583,5.45,0,0,1577,14.74
2011,96095,17456,16847.35,3338.9,19.8,1901,10.9,0,0,2649,15.2,531,3,41,0.2,444,2.5,11,0.1,11879,68.1,545,3.12,0,0,2919,16.72
2011,96098,2495,2408.13,910.1,37.8,68,2.7,0,0,179,7.2,105,4.2,0,0,112,4.5,0,0,2020,81,169,6.77,0,0,394,15.79
2011,96099,1503,1470.62,849.6,57.8,157,10.4,0,0,117,7.8,41,2.7,0,0,60,4,0,0,1126,74.9,228,15.17,17,41.46,183,12.18
2011,96101,792,782.41,232.9,29.8,29,3.7,0,0,170,21.5,28,3.5,0,0,24,3,0,0,541,68.3,19,2.4,0,0,106,13.38
2011,96102,2509,2438.34,386,15.8,268,10.7,0,0,543,21.6,65,2.6,0,0,0,0,0,0,1631,65,109,4.34,0,0,270,10.76
2011,96103,1555,1515.11,1118.4,73.8,0,0,0,0,322,20.7,62,4,8,0.5,59,3.8,0,0,1098,70.6,51,3.28,5,4.9,219,14.08
2011,96104,2906,2768.21,2271.8,82.1,0,0,0,0,2863,98.5,0,0,0,0,5,0.2,0,0,36,1.2,0,0,0,0,504,17.34
2011,96106,3939,3910.74,420.8,10.8,426,10.8,0,0,598,15.2,166,4.2,0,0,140,3.6,0,0,2599,66,66,1.68,0,0,486,12.34
2011,96107,1072,1022.24,527.7,51.6,17,1.6,0,0,413,38.5,27,2.5,0,0,8,0.7,0,0,604,56.3,21,1.96,0,0,149,13.9
2011,96109,4437,4354.5,3932.5,90.3,0,0,0,0,4326,97.5,27,0.6,8,0.2,0,0,0,0,64,1.4,11,0.25,0,0,596,13.43
2011,96110,6130,5972.27,4369.9,73.2,134,2.2,0,0,2384,38.9,781,12.7,0,0,86,1.4,0,0,2714,44.3,438,7.15,0,0,823,13.43
2011,96111,6212,6038.26,5430.9,89.9,17,0.3,0,0,6088,98,14,0.2,0,0,0,0,0,0,89,1.4,0,0,0,0,901,14.5
2011,96112,3049,3005.75,1802.4,60,38,1.2,0,0,2544,83.4,60,2,0,0,15,0.5,0,0,381,12.5,57,1.87,0,0,432,14.17
2011,96113,1024,998.17,471.1,47.2,58,5.7,0,0,200,19.5,62,6.1,0,0,43,4.2,0,0,655,64,51,4.98,0,0,157,15.33
2011,96114,4271,4073.19,807.6,19.8,93,2.2,0,0,902,21.1,83,1.9,0,0,68,1.6,0,0,3109,72.8,26,0.61,0,0,646,15.13
2011,96119,4427,2440.8,1123.2,46,58,1.3,0,0,1784,40.3,137,3.1,0,0,202,4.6,0,0,2231,50.4,0,0,0,0,2498,56.43
2011,115115,23576,23584.43,20282,86,639,2.7,0,0,18969,80.5,739,3.1,54,0.2,0,0,0,0,3175,13.5,1803,7.65,7,0.46,3790,16.08
2011,115906,3182,3033,2907,95.8,16,0.5,0,0,2833,89,242,7.6,0,0,0,0,0,0,90,2.8,243,7.64,0,0,285,8.96
2011,115914,178,154,137,89,0,0,0,0,178,100,0,0,0,0,0,0,0,0,0,0,0,0,0,0,19,10.67
2012,96088,17752,17569.05,10504.7,59.8,195,1.1,0,0,12655,71.3,340,1.9,20,0.1,74,0.4,8,0,4460,25.1,317,1.79,0,0,2466,13.89
2012,96089,11494,11013.7,7991.5,72.6,67,0.6,0,0,8906,77.5,246,2.1,0,0,515,4.5,0,0,1750,15.2,121,1.05,0,0,1621,14.1
2012,96090,5502,5394,2379.2,44.1,225,4.1,0,0,1716,31.2,392,7.1,12,0.2,55,1,5,0.1,3097,56.3,319,5.8,0,0,875,15.9
2012,96091,22268,21300.06,3251.4,15.3,1307,5.9,0,0,2283,10.3,506,2.3,44,0.2,175,0.8,8,0,17945,80.6,412,1.85,0,0,3205,14.39
2012,96092,5132,4892.36,800.3,16.4,96,1.9,0,0,778,15.2,134,2.6,0,0,173,3.4,0,0,3939,76.8,53,1.03,0,0,701,13.66
2012,96093,5766,5523.03,964.8,17.5,241,4.2,0,0,292,5.1,133,2.3,12,0.2,98,1.7,8,0.1,4982,86.4,162,2.81,0,0,720,12.49
2012,96094,10647,10111.84,2978.3,29.5,339,3.2,0,0,903,8.5,314,2.9,16,0.2,230,2.2,14,0.1,8831,82.9,677,6.36,0,0,1554,14.6
2012,96095,17351,17145.86,3497.2,20.4,1970,11.4,0,0,2529,14.6,750,4.3,33,0.2,615,3.5,13,0.1,11441,65.9,622,3.58,0,0,2877,16.58
2012,96098,2418,2355.56,954.3,40.5,74,3.1,0,0,168,6.9,103,4.3,0,0,113,4.7,0,0,1949,80.6,197,8.15,0,0,395,16.34
2012,96099,1568,1510.24,898.5,59.5,178,11.4,0,0,174,11.1,51,3.3,0,0,66,4.2,0,0,1096,69.9,275,17.54,15,46.88,196,12.5
2012,96101,772,768.1,234.1,30.5,31,4,0,0,179,23.2,27,3.5,0,0,30,3.9,0,0,505,65.4,15,1.94,0,0,106,13.73
2012,96102,2516,2452,378,15.4,284,11.3,0,0,511,20.3,67,2.7,0,0,11,0.4,0,0,1640,65.2,73,2.9,0,0,290,11.53
2012,96103,1544,1496.65,1140,76.2,10,0.6,0,0,292,18.9,63,4.1,0,0,75,4.9,0,0,1096,71,64,4.15,6,7.41,197,12.76
2012,96104,2740,2601.55,2346.2,90.2,0,0,0,0,2678,97.7,0,0,0,0,9,0.3,0,0,49,1.8,0,0,0,0,466,17.01
2012,96106,3922,3872.16,452,11.7,438,11.2,0,0,586,14.9,165,4.2,0,0,155,4,0,0,2568,65.5,85,2.17,0,0,476,12.14
2012,96107,1088,1054.69,534.9,50.7,15,1.4,0,0,372,34.2,39,3.6,0,0,44,4,0,0,615,56.5,12,1.1,0,0,131,12.04
2012,96109,4207,4089.5,3754,91.8,7,0.2,0,0,4104,97.6,35,0.8,0,0,9,0.2,0,0,51,1.2,18,0.43,0,0,550,13.07
2012,96110,6059,5953.2,4530.4,76.1,145,2.4,0,0,2378,39.2,846,14,0,0,155,2.6,0,0,2508,41.4,479,7.91,0,0,807,13.32
2012,96111,5929,5902.55,5442.7,92.2,36,0.6,0,0,5802,97.9,15,0.3,0,0,0,0,0,0,73,1.2,0,0,0,0,834,14.07
2012,96112,3024,3028,1885,62.3,45,1.5,0,0,2485,82.2,84,2.8,0,0,22,0.7,0,0,377,12.5,73,2.41,0,0,390,12.9
2012,96113,1007,995.82,451.6,45.3,56,5.6,0,0,203,20.2,57,5.7,0,0,41,4.1,0,0,645,64.1,40,3.97,0,0,161,15.99
2012,96114,4327,4098.19,818,20,92,2.1,0,0,854,19.7,85,2,0,0,70,1.6,0,0,3205,74.1,21,0.49,0,0,627,14.49
2012,96119,4210,2421.06,1247.4,51.5,57,1.4,0,0,1675,39.8,92,2.2,9,0.2,115,2.7,6,0.1,2256,53.6,0,0,0,0,2449,58.17
2012,115115,22516,22604.5,19836.3,87.8,652,2.9,0,0,18006,80,737,3.3,55,0.2,0,0,0,0,3066,13.6,1759,7.81,0,0,3599,15.98
2012,115906,3217,3134,3021,96.4,13,0.4,0,0,2831,88,296,9.2,0,0,13,0.4,0,0,62,1.9,309,9.61,0,0,259,8.05
2012,115914,259,236,215,91.1,0,0,0,0,258,99.6,0,0,0,0,0,0,0,0,0,0,0,0,0,0,25,9.65
2013,96088,17882,17695.64,10124.4,57.2,185,1,0,0,12882,72,367,2.1,11,0.1,152,0.9,16,0.1,4269,23.9,311,1.74,40,9.66,2554,14.28
2013,96089,11261,10968.37,7898.2,72,65,0.6,0,0,8811,78.2,273,2.4,0,0,498,4.4,0,0,1604,14.2,143,1.27,0,0,1609,14.29
2013,96090,5563,5418.13,2557.4,47.2,225,4,0,0,1756,31.6,427,7.7,0,0,86,1.5,0,0,3056,54.9,360,6.47,0,0,913,16.41
2013,96091,22018,21034.52,3198.9,15.2,1349,6.1,0,0,2184,9.9,545,2.5,33,0.1,240,1.1,9,0,17658,80.2,397,1.8,0,0,3205,14.56
2013,96092,5281,5226.51,859.4,16.4,114,2.2,0,0,750,14.2,142,2.7,0,0,187,3.5,0,0,4075,77.2,63,1.19,0,0,671,12.71
2013,96093,5874,5606.95,1051.2,18.7,234,4,0,0,266,4.5,159,2.7,14,0.2,121,2.1,7,0.1,5073,86.4,195,3.32,0,0,745,12.68
2013,96094,10679,10098.28,2941,29.1,351,3.3,0,0,896,8.4,325,3,24,0.2,272,2.5,12,0.1,8799,82.4,813,7.61,0,0,1560,14.61
2013,96095,17274,17137.01,3476.4,20.3,1964,11.4,0,0,2568,14.9,802,4.6,29,0.2,698,4,13,0.1,11200,64.8,629,3.64,0,0,2835,16.41
2013,96098,2403,2346.04,994.4,42.4,63,2.6,0,0,177,7.4,113,4.7,0,0,124,5.2,0,0,1917,79.8,195,8.11,0,0,364,15.15
2013,96099,1574,1541.08,939.8,61,178,11.3,0,0,195,12.4,41,2.6,0,0,42,2.7,0,0,1116,70.9,261,16.58,0,0,210,13.34
2013,96101,772,777.48,233,30,30,3.9,0,0,171,22.2,29,3.8,0,0,37,4.8,0,0,505,65.4,13,1.68,0,0,102,13.21
2013,96102,2504,2440,381,15.6,273,10.9,0,0,468,18.7,83,3.3,0,0,31,1.2,0,0,1646,65.7,77,3.08,0,0,289,11.54
2013,96103,1476,1415.69,1106.3,78.1,10,0.7,0,0,255,17.3,73,4.9,0,0,96,6.5,0,0,1034,70.1,69,4.67,7,7.29,190,12.87
2013,96104,2508,2486.8,2170.5,87.3,0,0,0,0,2487,99.2,0,0,0,0,0,0,0,0,15,0.6,0,0,0,0,425,16.95
2013,96106,3978,3924.81,462.1,11.8,470,11.8,0,0,623,15.7,175,4.4,0,0,176,4.4,0,0,2524,63.4,106,2.66,0,0,456,11.46
2013,96107,1134,1068.81,535.7,50.1,14,1.2,0,0,361,31.8,41,3.6,0,0,69,6.1,0,0,646,57,24,2.12,0,0,137,12.08
2013,96109,4153,3938,3613.5,91.8,16,0.4,0,0,4027,97,46,1.1,0,0,6,0.1,0,0,58,1.4,35,0.84,0,0,472,11.37
2013,96110,6188,6029,4650.5,77.1,144,2.3,0,0,2414,39,903,14.6,0,0,254,4.1,0,0,2454,39.7,539,8.71,0,0,830,13.41
2013,96111,5931,5675.73,5303.3,93.4,70,1.2,0,0,5745,96.9,32,0.5,0,0,0,0,0,0,79,1.3,27,0.46,0,0,823,13.88
2013,96112,3016,3040.8,2014.8,66.3,42,1.4,0,0,2488,82.5,70,2.3,0,0,27,0.9,0,0,379,12.6,61,2.02,0,0,385,12.77
2013,96113,1014,990.4,470.3,47.5,52,5.1,0,0,230,22.7,60,5.9,0,0,42,4.1,0,0,628,61.9,53,5.23,0,0,151,14.89
2013,96114,4368,4132.97,798.5,19.3,100,2.3,0,0,818,18.7,92,2.1,0,0,93,2.1,0,0,3244,74.3,34,0.78,0,0,621,14.22
2013,96119,3921,2514.91,1288.6,51.2,58,1.5,0,0,1621,41.3,64,1.6,6,0.2,68,1.7,7,0.2,2097,53.5,0,0,0,0,2363,60.27
2013,115115,25200,24945,22159,88.8,673,2.7,0,0,20738,82.3,772,3.1,57,0.2,0,0,0,0,2960,11.7,1678,6.66,0,0,3671,14.57
2013,115906,3075,2891,2830,97.9,11,0.4,0,0,2669,86.8,329,10.7,0,0,13,0.4,0,0,53,1.7,292,9.5,0,0,261,8.49
2013,115914,332,325,309,95.1,0,0,0,0,324,97.6,0,0,0,0,0,0,0,0,0,0,0,0,0,0,37,11.14
2014,96088,17957,17602.21,10581,60.1,197,1.1,0,0,13088,72.9,369,2.1,18,0.1,185,1,21,0.1,4079,22.7,364,2.03,63,14.19,2594,14.45
2014,96089,11599,11002.68,8258.7,75.1,59,0.5,0,0,9263,79.9,282,2.4,0,0,477,4.1,0,0,1503,13,157,1.35,0,0,1726,14.88
2014,96090,5650,5374.41,2638.9,49.1,222,3.9,0,0,1870,33.1,450,8,10,0.2,130,2.3,5,0.1,2963,52.4,432,7.65,0,0,917,16.23
2014,96091,21609,20721.58,3127,15.1,1382,6.4,0,0,2039,9.4,625,2.9,39,0.2,364,1.7,13,0.1,17147,79.4,387,1.79,0,0,3116,14.42
2014,96092,5607,5356.06,856.7,16,123,2.2,0,0,889,15.9,150,2.7,0,0,219,3.9,0,0,4216,75.2,57,1.02,0,0,733,13.07
2014,96093,6031,5757.77,1092.8,19,229,3.8,0,0,238,3.9,184,3.1,14,0.2,168,2.8,9,0.1,5189,86,219,3.63,0,0,782,12.97
2014,96094,10756,10381.92,3065.3,29.5,370,3.4,0,0,1043,9.7,324,3,29,0.3,281,2.6,12,0.1,8697,80.9,863,8.02,0,0,1571,14.61
2014,96095,17147,16993.61,3486.2,20.5,1903,11.1,0,0,2607,15.2,837,4.9,25,0.1,734,4.3,10,0.1,11031,64.3,613,3.57,0,0,2787,16.25
2014,96098,2376,2300.87,965.7,42,71,3,0,0,167,7,114,4.8,0,0,134,5.6,0,0,1880,79.1,204,8.59,0,0,336,14.14
2014,96099,1618,1593.48,1041.4,65.4,198,12.2,0,0,219,13.5,40,2.5,0,0,40,2.5,0,0,1119,69.2,283,17.49,0,0,233,14.4
2014,96101,810,756.74,235.5,31.1,30,3.7,0,0,208,25.7,31,3.8,0,0,42,5.2,0,0,498,61.5,20,2.47,0,0,114,14.07
2014,96102,2587,2467.5,369.6,15,293,11.3,0,0,486,18.8,92,3.6,0,0,55,2.1,0,0,1658,64.1,64,2.47,0,0,291,11.25
2014,96103,1446,1397.43,1116.3,79.9,9,0.6,0,0,248,17.2,79,5.5,0,0,105,7.3,0,0,997,68.9,70,4.84,6,6.74,208,14.38
2014,96104,2537,2460.82,2234.4,90.8,0,0,0,0,2507,98.8,6,0.2,0,0,8,0.3,0,0,14,0.6,0,0,0,0,421,16.59
2014,96106,4094,3950.1,486.5,12.3,489,11.9,0,0,684,16.7,178,4.3,0,0,189,4.6,0,0,2540,62,70,1.71,0,0,481,11.75
2014,96107,1203,1120.11,536,47.9,16,1.3,0,0,371,30.8,40,3.3,0,0,96,8,0,0,678,56.4,23,1.91,0,0,148,12.3
2014,96109,2936,3947.24,3613.3,91.5,7,0.2,0,0,2862,97.5,29,1,0,0,13,0.4,0,0,25,0.9,17,0.58,0,0,372,12.67
2014,96110,6369,6083.52,4706.7,77.4,143,2.2,0,0,2536,39.8,945,14.8,0,0,359,5.6,0,0,2369,37.2,592,9.3,0,0,880,13.82
2014,96111,4870,5836.35,5484,94,17,0.3,0,0,4762,97.8,31,0.6,0,0,0,0,0,0,57,1.2,27,0.55,0,0,748,15.36
2014,96112,3027,2904.68,1967.8,67.7,41,1.4,0,0,2528,83.5,78,2.6,0,0,26,0.9,0,0,348,11.5,80,2.64,0,0,409,13.51
2014,96113,1001,975.46,485.6,49.8,41,4.1,0,0,232,23.2,53,5.3,0,0,46,4.6,0,0,626,62.5,47,4.7,0,0,140,13.99
2014,96114,4406,4163.85,765.9,18.4,112,2.5,0,0,790,17.9,94,2.1,0,0,110,2.5,0,0,3279,74.4,35,0.79,0,0,626,14.21
2014,96119,3866,2483.46,1227.3,49.4,64,1.7,0,0,1595,41.3,41,1.1,14,0.4,62,1.6,6,0.2,2084,53.9,0,0,0,0,2300,59.49
2014,115115,24869,24528.5,21788,88.8,677,2.7,0,0,20568,82.7,772,3.1,53,0.2,0,0,0,0,2799,11.3,1593,6.41,0,0,3591,14.44
2014,115906,2981,2886,2815,97.5,10,0.3,0,0,2587,86.8,333,11.2,0,0,13,0.4,0,0,38,1.3,305,10.23,0,0,267,8.96
2014,115914,336,315,299,94.9,0,0,0,0,325,96.7,6,1.8,0,0,0,0,0,0,5,1.5,0,0,0,0,32,9.52
2015,96088,17764,17478.49,10753,61.5,189,1.1,0,0,13039,73.4,363,2,24,0.1,227,1.3,19,0.1,3903,22,394,2.22,12,2.4,2611,14.7
2015,96089,11206,10694.76,10693.9,100,66,0.6,0,0,9043,80.7,289,2.6,0,0,446,4,0,0,1348,12,139,1.24,0,0,1655,14.77
2015,96090,5562,5409.03,2637.4,48.8,220,4,0,0,1851,33.3,487,8.8,10,0.2,162,2.9,7,0.1,2825,50.8,457,8.22,0,0,903,16.24
2015,96091,21360,21017.49,3082.9,14.7,1425,6.7,0,0,1988,9.3,675,3.2,31,0.1,456,2.1,13,0.1,16772,78.5,431,2.02,0,0,3006,14.07
2015,96092,5595,5379.28,854.6,15.9,107,1.9,0,0,814,14.5,165,2.9,0,0,239,4.3,0,0,4261,76.2,53,0.95,0,0,698,12.48
2015,96093,6300,6014.33,1045.7,17.4,245,3.9,0,0,220,3.5,221,3.5,12,0.2,191,3,10,0.2,5401,85.7,274,4.35,0,0,795,12.62
2015,96094,10514,10229.2,2857.8,27.9,368,3.5,0,0,927,8.8,348,3.3,31,0.3,306,2.9,11,0.1,8523,81.1,934,8.88,0,0,1539,14.64
2015,96095,17229,17090.48,3477.1,20.3,1962,11.4,0,0,2687,15.6,856,5,31,0.2,759,4.4,10,0.1,10924,63.4,751,4.36,0,0,2742,15.92
2015,96098,2418,2396.73,945.1,39.4,68,2.8,0,0,182,7.5,134,5.5,0,0,145,6,0,0,1879,77.7,224,9.26,0,0,347,14.35
2015,96099,1582,1520.83,1010,66.4,197,12.5,0,0,206,13,46,2.9,0,0,45,2.8,0,0,1085,68.6,308,19.47,0,0,250,15.8
2015,96101,788,763.03,228.6,30,40,5.1,0,0,200,25.4,37,4.7,0,0,50,6.3,0,0,460,58.4,22,2.79,0,0,107,13.58
2015,96102,2548,2436.67,378.8,15.5,292,11.5,0,0,450,17.7,97,3.8,0,0,73,2.9,0,0,1633,64.1,70,2.75,0,0,276,10.83
2015,96103,1441,1419.54,1419.6,100,8,0.6,0,0,257,17.8,76,5.3,0,0,115,8,0,0,977,67.8,79,5.48,0,0,197,13.67
2015,96104,2526,2479.89,2479.9,100,0,0,0,0,2493,98.7,15,0.6,0,0,8,0.3,0,0,8,0.3,0,0,0,0,399,15.8
2015,96106,4156,4002.2,502.5,12.6,523,12.6,0,0,712,17.1,185,4.5,0,0,202,4.9,0,0,2521,60.7,55,1.32,0,0,510,12.27
2015,96107,1198,1097.66,508.9,46.4,19,1.6,0,0,322,26.9,42,3.5,0,0,95,7.9,0,0,717,59.8,34,2.84,0,0,147,12.27
2015,96109,3481,3800.67,3719.2,97.9,11,0.3,0,0,3359,96.5,43,1.2,0,0,22,0.6,0,0,46,1.3,32,0.92,0,0,437,12.55
2015,96110,6252,6093.37,4744.4,77.9,121,1.9,0,0,2463,39.4,983,15.7,0,0,421,6.7,0,0,2247,35.9,630,10.08,0,0,900,14.4
2015,96111,5143,5853.81,5744,98.1,17,0.3,0,0,5046,98.1,30,0.6,0,0,0,0,0,0,47,0.9,29,0.56,0,0,777,15.11
2015,96112,2943,2879.56,1977.5,68.7,37,1.3,0,0,2478,84.2,74,2.5,0,0,28,1,0,0,317,10.8,80,2.72,0,0,385,13.08
2015,96113,981,955.43,451.8,47.3,36,3.7,0,0,228,23.2,51,5.2,0,0,55,5.6,0,0,610,62.2,50,5.1,0,0,130,13.25
2015,96114,4438,4222.54,757.4,17.9,108,2.4,0,0,741,16.7,104,2.3,0,0,120,2.7,0,0,3346,75.4,31,0.7,0,0,591,13.32
2015,96119,3734,2311.31,1214.5,52.5,63,1.7,0,0,1519,40.7,68,1.8,0,0,51,1.4,0,0,2018,54,0,0,0,0,2293,61.41
2015,115115,24154,24045.59,24044.6,100,636,2.6,0,0,19948,82.6,801,3.3,51,0.2,0,0,0,0,2718,11.3,1691,7,0,0,3517,14.56
2015,115906,2840,2802.75,2802.8,100,13,0.5,0,0,2442,86,334,11.8,0,0,21,0.7,0,0,28,1,280,9.86,0,0,241,8.49
2015,115914,547,532,496,93.2,0,0,0,0,522,95.4,18,3.3,0,0,0,0,0,0,5,0.9,0,0,0,0,51,9.32
2016,96088,17712,17522.57,10955.1,62.5,177,1,0,0,13265,74.9,350,2,25,0.1,231,1.3,21,0.1,3643,20.6,380,2.15,0,0,2698,15.23
2016,96089,10799,10487.33,10486.3,100,59,0.5,0,0,8799,81.5,293,2.7,10,0.1,426,3.9,9,0.1,1203,11.1,133,1.23,0,0,1669,15.46
2016,96090,5575,5403.5,2782.4,51.5,201,3.6,0,0,1910,34.3,519,9.3,14,0.3,207,3.7,8,0.1,2716,48.7,436,7.82,0,0,893,16.02
2016,96091,21140,20847.03,3055.1,14.7,1503,7.1,0,0,1922,9.1,680,3.2,33,0.2,505,2.4,16,0.1,16481,78,436,2.06,0,0,2977,14.08
2016,96092,5688,5484.71,775.4,14.1,112,2,0,0,756,13.3,172,3,0,0,280,4.9,0,0,4359,76.6,55,0.97,0,0,758,13.33
2016,96093,6495,6364.65,1089.6,17.1,273,4.2,0,0,200,3.1,254,3.9,13,0.2,211,3.2,11,0.2,5533,85.2,276,4.25,0,0,839,12.92
2016,96094,10312,10083.5,2919.5,29,359,3.5,0,0,891,8.6,347,3.4,26,0.3,330,3.2,11,0.1,8348,81,979,9.49,0,0,1546,14.99
2016,96095,17302,17155.89,3394.6,19.8,2055,11.9,0,0,2655,15.3,893,5.2,32,0.2,811,4.7,9,0.1,10847,62.7,810,4.68,0,0,2674,15.45
2016,96098,2503,2428.58,974.3,40.1,68,2.7,0,0,207,8.3,153,6.1,0,0,154,6.2,0,0,1914,76.5,229,9.15,0,0,356,14.22
2016,96099,1584,1558.1,1018.1,65.3,181,11.4,0,0,214,13.5,59,3.7,0,0,46,2.9,0,0,1083,68.4,270,17.05,0,0,262,16.54
2016,96101,806,756.99,202,26.7,48,6,0,0,178,22.1,47,5.8,0,0,51,6.3,0,0,481,59.7,34,4.22,0,0,110,13.65
2016,96102,2590,2501.35,346.4,13.8,319,12.3,0,0,436,16.8,96,3.7,0,0,89,3.4,0,0,1647,63.6,75,2.9,0,0,277,10.69
2016,96103,1441,1395.87,1394.9,99.9,8,0.6,0,0,268,18.6,79,5.5,0,0,132,9.2,0,0,950,65.9,73,5.07,0,0,198,13.74
2016,96104,2535,2483.47,2483.5,100,0,0,0,0,2504,98.8,17,0.7,0,0,7,0.3,0,0,7,0.3,0,0,0,0,390,15.38
2016,96106,4165,4038.69,473.6,11.7,575,13.8,0,0,688,16.5,180,4.3,0,0,230,5.5,0,0,2480,59.5,75,1.8,0,0,528,12.68
2016,96107,1230,1193.75,560.1,46.9,19,1.5,0,0,328,26.7,47,3.8,0,0,94,7.6,0,0,739,60.1,31,2.52,0,0,144,11.71
2016,96109,3145,3559.2,3261.4,91.6,5,0.2,0,0,3037,96.6,47,1.5,0,0,10,0.3,0,0,44,1.4,30,0.95,0,0,408,12.97
2016,96110,6342,6188.25,4800.6,77.6,119,1.9,0,0,2532,39.9,1031,16.3,15,0.2,511,8.1,8,0.1,2126,33.5,668,10.53,0,0,964,15.2
2016,96111,5346,5756.27,5656.1,98.3,13,0.2,0,0,5243,98.1,32,0.6,0,0,0,0,0,0,56,1,35,0.65,0,0,789,14.76
2016,96112,2861,2775.42,1930.4,69.6,41,1.4,0,0,2411,84.3,80,2.8,0,0,18,0.6,0,0,303,10.6,64,2.24,0,0,345,12.06
2016,96113,957,928.37,442.2,47.6,34,3.6,0,0,218,22.8,55,5.7,0,0,49,5.1,0,0,597,62.4,52,5.43,0,0,120,12.54
2016,96114,4443,4196.8,726.1,17.3,93,2.1,0,0,680,15.3,113,2.5,0,0,135,3,0,0,3404,76.6,28,0.63,0,0,559,12.58
2016,96119,3569,2217.68,1214.1,54.7,47,1.3,0,0,1462,41,76,2.1,0,0,46,1.3,0,0,1925,53.9,0,0,0,0,2265,63.46
2016,115115,22506,22468.09,22468.1,100,596,2.6,0,0,18403,81.8,863,3.8,45,0.2,0,0,0,0,2599,11.5,1822,8.1,0,0,3328,14.79
2016,115906,2918,2818,2818,100,8,0.3,0,0,2507,85.9,347,11.9,0,0,28,1,0,0,28,1,236,8.09,0,0,264,9.05
2016,115914,956,947,947,100,0,0,0,0,940,98.3,15,1.6,0,0,0,0,0,0,0,0,0,0,0,0,101,10.56
2017,96088,17610,17361.86,11000.6,63.4,156,0.9,0,0,13443,76.3,367,2.1,31,0.2,276,1.6,20,0.1,3317,18.8,407,2.31,0,0,2662,15.12
2017,96089,10495,10051.31,10049.4,100,47,0.4,0,0,8672,82.6,306,2.9,5,0,399,3.8,6,0.1,1060,10.1,134,1.28,0,0,1710,16.29
2017,96090,5659,5551.05,2740.2,49.4,204,3.6,0,0,1830,32.3,666,11.8,0,0,362,6.4,0,0,2583,45.6,470,8.31,0,0,897,15.85
2017,96091,20952,20691.4,2911.7,14.1,1587,7.6,0,0,1902,9.1,694,3.3,33,0.2,534,2.5,16,0.1,16186,77.3,441,2.1,0,0,2928,13.97
2017,96092,5708,5519.6,721.2,13.1,107,1.9,0,0,708,12.4,184,3.2,0,0,293,5.1,0,0,4409,77.2,48,0.84,0,0,780,13.67
2017,96093,6687,6362.52,978.6,15.4,293,4.4,0,0,180,2.7,266,4,8,0.1,264,3.9,10,0.1,5666,84.7,342,5.11,0,0,886,13.25
2017,96094,10221,9994.53,2864.3,28.7,359,3.5,0,0,875,8.6,373,3.6,25,0.2,339,3.3,17,0.2,8233,80.5,1083,10.6,0,0,1533,15
2017,96095,17434,17217.61,3433,19.9,2143,12.3,0,0,2701,15.5,932,5.3,23,0.1,959,5.5,7,0,10669,61.2,838,4.81,0,0,2635,15.11
2017,96098,2589,2517.74,980.4,38.9,70,2.7,0,0,225,8.7,160,6.2,0,0,179,6.9,0,0,1948,75.2,231,8.92,0,0,320,12.36
2017,96099,1655,1644.67,1039.3,63.2,207,12.5,0,0,222,13.4,67,4,0,0,64,3.9,0,0,1094,66.1,306,18.49,0,0,282,17.04
2017,96101,797,764.1,198.4,26,50,6.3,0,0,172,21.6,47,5.9,0,0,52,6.5,0,0,475,59.6,24,3.01,0,0,107,13.43
2017,96102,2637,2532.3,320,12.6,327,12.4,0,0,444,16.8,108,4.1,0,0,109,4.1,0,0,1646,62.4,64,2.43,0,0,292,11.07
2017,96103,1476,1429.3,1428.3,99.9,9,0.6,0,0,291,19.7,92,6.2,0,0,146,9.9,0,0,935,63.3,78,5.28,0,0,230,15.58
2017,96104,2521,2404.51,2404.5,100,0,0,0,0,2482,98.5,22,0.9,0,0,6,0.2,0,0,11,0.4,8,0.32,0,0,377,14.95
2017,96106,4129,4028.64,436.2,10.8,580,14,0,0,661,16,192,4.7,0,0,238,5.8,0,0,2447,59.3,159,3.85,0,0,506,12.25
2017,96107,1279,1235.18,500.3,40.5,26,2,0,0,299,23.4,54,4.2,0,0,115,9,0,0,782,61.1,45,3.52,0,0,164,12.82
2017,96109,3083,3610.21,3439.7,95.3,5,0.2,0,0,2951,95.7,58,1.9,0,0,20,0.6,0,0,49,1.6,0,0,0,0,406,13.17
2017,96110,6289,6117.28,4559.2,74.5,119,1.9,0,0,2568,40.8,1092,17.4,14,0.2,484,7.7,15,0.2,1997,31.8,692,11,0,0,986,15.68
2017,96111,5213,5593.71,5524.7,98.8,7,0.1,0,0,5130,98.4,28,0.5,0,0,0,0,0,0,47,0.9,41,0.79,0,0,829,15.9
2017,96112,2732,2653.54,2647.6,99.8,29,1.1,0,0,2255,82.5,84,3.1,0,0,79,2.9,0,0,281,10.3,68,2.49,0,0,318,11.64
2017,96113,903,853.32,371,43.5,30,3.3,0,0,216,23.9,49,5.4,0,0,55,6.1,0,0,553,61.2,43,4.76,0,0,111,12.29
2017,96114,4435,4366.12,691.6,15.8,91,2.1,0,0,632,14.3,120,2.7,18,0.4,138,3.1,5,0.1,3431,77.4,35,0.79,0,0,574,12.94
2017,96119,3339,2130.91,1410,66.2,56,1.7,0,0,1380,41.3,56,1.7,7,0.2,39,1.2,5,0.1,1796,53.8,0,0,0,0,2341,70.11
2017,115115,21754,21844.72,21844.7,100,550,2.5,0,0,17540,80.6,872,4,45,0.2,0,0,0,0,2746,12.6,1955,8.99,0,0,3150,14.48
2017,115906,2751,2583.5,2583.5,100,9,0.3,0,0,2325,84.5,364,13.2,0,0,29,1.1,0,0,23,0.8,267,9.71,0,0,254,9.23
2017,115914,1253,1201,1201,100,0,0,0,0,1232,98.3,16,1.3,0,0,0,0,0,0,0,0,0,0,0,0,118,9.42
2018,96088,17370,17112.71,10845.2,63.4,165,0.9,0,0,13456,77.5,376,2.2,31,0.2,303,1.7,30,0.2,3009,17.3,478,2.75,0,0,2712,15.61
2018,96089,10156,9824.32,9823.4,100,34,0.3,0,0,8415,82.9,328,3.2,7,0.1,412,4.1,12,0.1,948,9.3,132,1.3,0,0,1727,17
2018,96090,5786,5627.7,2662.3,47.3,204,3.5,0,0,1874,32.4,707,12.2,19,0.3,386,6.7,9,0.2,2587,44.7,547,9.45,0,0,942,16.28
2018,96091,20964,20707.09,2904.4,14,1738,8.3,0,0,1837,8.8,719,3.4,35,0.2,602,2.9,18,0.1,16015,76.4,550,2.62,0,0,2904,13.85
2018,96092,5760,5624.57,718.7,12.8,102,1.8,0,0,639,11.1,215,3.7,0,0,311,5.4,0,0,4483,77.8,50,0.87,0,0,795,13.8
2018,96093,6832,6516.5,962.9,14.8,293,4.3,0,0,172,2.5,290,4.2,7,0.1,273,4,7,0.1,5790,84.7,275,4.03,0,0,913,13.36
2018,96094,10138,9927.99,2786,28.1,381,3.8,0,0,817,8.1,382,3.8,25,0.2,350,3.5,17,0.2,8166,80.5,1236,12.19,0,0,1532,15.11
2018,96095,17599,17402.43,3288.8,18.9,2228,12.7,0,0,2742,15.6,920,5.2,31,0.2,994,5.6,8,0,10676,60.7,1001,5.69,0,0,2633,14.96
2018,96098,2560,2501.49,927.6,37.1,69,2.7,0,0,224,8.8,151,5.9,0,0,191,7.5,0,0,1919,75,237,9.26,0,0,326,12.73
2018,96099,1675,1649.54,1086.7,65.9,215,12.8,0,0,215,12.8,69,4.1,0,0,67,4,0,0,1108,66.1,352,21.01,0,0,287,17.13
2018,96101,783,739.15,172.3,23.3,41,5.2,0,0,164,20.9,46,5.9,0,0,56,7.2,0,0,474,60.5,23,2.94,0,0,101,12.9
2018,96102,2681,2567.8,297,11.6,368,13.7,0,0,432,16.1,111,4.1,0,0,137,5.1,0,0,1629,60.8,90,3.36,0,0,295,11
2018,96103,1439,1403.74,1402.7,99.9,11,0.8,0,0,300,20.8,105,7.3,0,0,158,11,0,0,863,60,92,6.39,0,0,220,15.29
2018,96104,2517,2485.4,2483.4,99.9,0,0,0,0,2478,98.5,23,0.9,0,0,0,0,0,0,13,0.5,8,0.32,0,0,389,15.45
2018,96106,4223,4106.36,425.7,10.4,651,15.4,0,0,644,15.2,206,4.9,0,0,264,6.3,0,0,2449,58,199,4.71,0,0,513,12.15
2018,96107,1340,1293.26,524,40.5,30,2.2,0,0,297,22.2,63,4.7,0,0,135,10.1,0,0,812,60.6,53,3.96,0,0,178,13.28
2018,96109,3139,3650.04,3288.2,90.1,7,0.2,0,0,2990,95.3,62,2,0,0,41,1.3,0,0,38,1.2,49,1.56,0,0,404,12.87
2018,96110,6326,6172.64,6171.6,100,105,1.7,0,0,2658,42,1208,19.1,9,0.1,476,7.5,6,0.1,1864,29.5,737,11.65,6,3.82,1025,16.2
2018,96111,5356,5402.77,5381.5,99.6,10,0.2,0,0,5255,98.1,34,0.6,0,0,0,0,0,0,56,1,42,0.78,0,0,844,15.76
2018,96112,2697,2607.57,2598.6,99.7,35,1.3,0,0,2195,81.4,95,3.5,0,0,85,3.2,0,0,283,10.5,82,3.04,0,0,357,13.24
2018,96113,874,847.03,369.8,43.7,30,3.4,0,0,196,22.4,48,5.5,0,0,50,5.7,0,0,547,62.6,49,5.61,0,0,110,12.59
2018,96114,4486,4387.95,647.8,14.8,80,1.8,0,0,611,13.6,138,3.1,15,0.3,150,3.3,5,0.1,3487,77.7,23,0.51,0,0,596,13.29
2018,96119,3501,2073.08,1356.8,65.4,51,1.5,0,0,1368,39.1,83,2.4,0,0,41,1.2,0,0,1931,55.2,5,0.14,0,0,2309,65.95
2018,115115,20879,20772.25,20772.3,100,534,2.6,0,0,16660,79.8,938,4.5,35,0.2,0,0,0,0,2712,13,2160,10.35,0,0,2993,14.33
2018,115906,2318,2244.57,2244.6,100,7,0.3,0,0,1920,82.8,348,15,0,0,6,0.3,0,0,36,1.6,263,11.35,0,0,224,9.66
2018,115914,1719,1578.58,1578.6,100,0,0,0,0,1696,98.7,14,0.8,0,0,0,0,0,0,7,0.4,0,0,0,0,184,10.7
2019,96088,17011,16722.4,10626.4,63.5,169,1,0,0,13419,78.9,388,2.3,29,0.2,337,2,33,0.2,2636,15.5,427,2.51,0,0,2732,16.06
2019,96089,9945,9601.33,9599.5,100,27,0.3,0,0,8239,82.8,347,3.5,0,0,449,4.5,0,0,878,8.8,115,1.16,0,0,1670,16.79
2019,96090,5889,5813.99,2686.4,46.2,214,3.6,0,0,1961,33.3,713,12.1,15,0.3,436,7.4,8,0.1,2542,43.2,487,8.27,0,0,954,16.2
2019,96091,20897,20669.92,2778.2,13.4,1813,8.7,0,0,1756,8.4,721,3.5,37,0.2,650,3.1,15,0.1,15905,76.1,579,2.77,0,0,2859,13.68
2019,96092,5788,5710.91,673.3,11.8,100,1.7,0,0,588,10.2,243,4.2,0,0,313,5.4,0,0,4534,78.3,45,0.78,0,0,822,14.2
2019,96093,6931,6861.22,944.2,13.8,299,4.3,0,0,153,2.2,301,4.3,0,0,294,4.2,0,0,5875,84.8,315,4.54,0,0,976,14.08
2019,96094,10010,9836.88,2522.7,25.6,391,3.9,0,0,776,7.8,384,3.8,25,0.2,377,3.8,15,0.1,8042,80.3,1061,10.6,0,0,1553,15.51
2019,96095,17613,17385.26,3403.1,19.6,2334,13.3,0,0,2780,15.8,906,5.1,44,0.2,1021,5.8,5,0,10523,59.7,1034,5.87,0,0,2679,15.21
2019,96098,2570,2534.48,938.9,37,73,2.8,0,0,217,8.4,154,6,0,0,197,7.7,0,0,1927,75,240,9.34,0,0,356,13.85
2019,96099,1659,1659.18,1040.8,62.7,210,12.7,0,0,199,12,81,4.9,0,0,71,4.3,0,0,1098,66.2,315,18.99,0,0,290,17.48
2019,96101,784,759.22,186.5,24.6,48,6.1,0,0,154,19.6,44,5.6,0,0,61,7.8,0,0,476,60.7,44,5.61,0,0,100,12.76
2019,96102,2652,2561.12,263.1,10.3,345,13,0,0,406,15.3,122,4.6,0,0,177,6.7,0,0,1600,60.3,112,4.22,0,0,301,11.35
2019,96103,1436,1390.16,1390.2,100,14,1,0,0,297,20.7,100,7,0,0,144,10,0,0,878,61.1,106,7.38,0,0,218,15.18
2019,96104,2429,2406.69,2405.7,100,0,0,0,0,2400,98.8,15,0.6,0,0,0,0,0,0,10,0.4,6,0.25,0,0,400,16.47
2019,96106,4234,4152.75,416.5,10,695,16.4,0,0,626,14.8,205,4.8,0,0,278,6.6,0,0,2422,57.2,221,5.22,0,0,501,11.83
2019,96107,1386,1359.96,491.3,36.1,28,2,0,0,268,19.3,73,5.3,0,0,143,10.3,0,0,873,63,48,3.46,0,0,188,13.56
2019,96109,3167,3262.47,3152.5,96.6,7,0.2,0,0,2980,94.1,65,2.1,0,0,64,2,0,0,47,1.5,63,1.99,0,0,407,12.85
2019,96110,6242,6120.41,6120.5,100,106,1.7,0,0,2606,41.7,1274,20.4,9,0.1,529,8.5,9,0.1,1709,27.4,746,11.95,0,0,1055,16.9
2019,96111,5308,5300.06,5284.5,99.7,14,0.3,0,0,5208,98.1,27,0.5,0,0,0,0,0,0,56,1.1,39,0.73,0,0,822,15.49
2019,96112,2588,2532.45,2510.5,99.1,34,1.3,0,0,2063,79.7,96,3.7,0,0,97,3.7,0,0,292,11.3,72,2.78,0,0,374,14.45
2019,96113,846,863.96,364.8,42.2,28,3.3,0,0,164,19.4,43,5.1,0,0,47,5.6,0,0,561,66.3,29,3.43,0,0,114,13.48
2019,96114,4499,4445.27,606.1,13.6,71,1.6,0,0,590,13.1,161,3.6,0,0,212,4.7,0,0,3455,76.8,26,0.58,0,0,602,13.38
2019,96119,3531,2083.62,1339.3,64.3,87,2.5,0,0,1363,38.6,98,2.8,30,0.8,54,1.5,7,0.2,1892,53.6,13,0.37,0,0,2293,64.94
2019,115115,19771,19596.6,19596.6,100,543,2.7,0,0,15628,79,1002,5.1,28,0.1,0,0,0,0,2570,13,2065,10.44,0,0,2838,14.35
2019,115906,2881,2777.75,2777.8,100,7,0.2,0,0,2312,80.2,370,12.8,0,0,22,0.8,0,0,167,5.8,252,8.75,0,0,319,11.07
2019,115914,2085,1962,1962.5,100,0,0,0,0,2021,96.9,43,2.1,0,0,11,0.5,0,0,8,0.4,37,1.77,0,0,225,10.79
2020,96088,16589,16301.78,10630.7,65.2,148,0.9,0,0,13295,80.1,372,2.2,25,0.2,337,2,38,0.2,2374,14.3,433,2.61,39,5.51,2637,15.9
2020,96089,9473,9124.33,9122.3,100,21,0.2,0,0,7864,83,338,3.6,0,0,470,5,0,0,768,8.1,104,1.1,0,0,1662,17.54
2020,96090,6007,5916.59,2702.1,45.7,237,3.9,0,0,1958,32.6,801,13.3,11,0.2,501,8.3,7,0.1,2492,41.5,518,8.62,0,0,910,15.15
2020,96091,20998,20712.04,2749.2,13.3,1898,9,0,0,1653,7.9,786,3.7,35,0.2,711,3.4,14,0.1,15901,75.7,594,2.83,0,0,2893,13.78
2020,96092,5864,5791.23,637.9,11,100,1.7,0,0,545,9.3,259,4.4,0,0,309,5.3,0,0,4639,79.1,60,1.02,0,0,846,14.43
2020,96093,7085,7050.42,924.8,13.1,307,4.3,0,0,157,2.2,308,4.3,0,0,299,4.2,0,0,6006,84.8,313,4.42,0,0,1085,15.31
2020,96094,9963,9822.08,2667.2,27.2,383,3.8,0,0,771,7.7,377,3.8,24,0.2,394,4,15,0.2,7999,80.3,1017,10.21,0,0,1545,15.51
2020,96095,17525,17383.23,3219.3,18.5,2330,13.3,0,0,2744,15.7,930,5.3,48,0.3,1025,5.8,8,0,10440,59.6,946,5.4,0,0,2659,15.17
2020,96098,2587,2560.67,861.4,33.6,76,2.9,0,0,240,9.3,162,6.3,0,0,204,7.9,0,0,1904,73.6,250,9.66,0,0,402,15.54
2020,96099,1715,1672.71,1042.4,62.3,214,12.5,0,0,209,12.2,90,5.2,0,0,75,4.4,0,0,1126,65.7,308,17.96,0,0,280,16.33
2020,96101,768,741.58,177,23.9,51,6.6,0,0,136,17.7,41,5.3,0,0,64,8.3,0,0,475,61.8,31,4.04,0,0,102,13.28
2020,96102,2618,2554.61,238,9.3,339,12.9,0,0,384,14.7,116,4.4,0,0,181,6.9,0,0,1596,61,94,3.59,0,0,289,11.04
2020,96103,1412,1353.7,1351.7,99.9,19,1.3,0,0,312,22.1,99,7,0,0,147,10.4,0,0,832,58.9,111,7.86,0,0,231,16.36
2020,96104,2429,2364.56,2364.6,100,0,0,0,0,2401,98.8,13,0.5,0,0,0,0,0,0,8,0.3,5,0.21,0,0,408,16.8
2020,96106,4236,4189.36,417.1,10,710,16.8,0,0,636,15,214,5.1,0,0,288,6.8,0,0,2382,56.2,179,4.23,0,0,517,12.2
2020,96107,1438,1397,454.7,32.5,26,1.8,0,0,253,17.6,78,5.4,0,0,156,10.8,0,0,923,64.2,40,2.78,0,0,205,14.26
2020,96109,2987,3112.61,3076.6,98.8,0,0,0,0,2777,93,74,2.5,7,0.2,75,2.5,0,0,51,1.7,68,2.28,0,0,394,13.19
2020,96110,6375,6250.03,6249,100,99,1.6,0,0,2612,41,1454,22.8,15,0.2,544,8.5,8,0.1,1643,25.8,831,13.04,0,0,1087,17.05
2020,96111,5414,5353.54,5348.6,99.9,16,0.3,0,0,5279,97.5,61,1.1,0,0,0,0,0,0,55,1,42,0.78,0,0,816,15.07
2020,96112,2508,2483.27,2482.3,100,25,1,0,0,1983,79.1,115,4.6,0,0,100,4,0,0,281,11.2,73,2.91,0,0,368,14.67
2020,96113,871,842.16,343.1,40.7,31,3.6,0,0,177,20.3,56,6.4,0,0,50,5.7,0,0,551,63.3,40,4.59,0,0,106,12.17
2020,96114,4484,4414.24,612.6,13.9,63,1.4,0,0,538,12,170,3.8,0,0,240,5.4,0,0,3462,77.2,22,0.49,0,0,582,12.98
2020,96119,3083,2149.72,1356,63.1,85,2.8,0,0,1363,44.2,115,3.7,26,0.8,48,1.6,7,0.2,1439,46.7,15,0.49,0,0,2314,75.06
2020,115115,19222,19200,19200,100,539,2.8,0,0,15093,78.5,1093,5.7,24,0.1,0,0,0,0,2473,12.9,2048,10.65,0,0,2910,15.14
2020,115906,2755,2665.11,2665.1,100,6,0.2,0,0,2183,79.2,411,14.9,0,0,31,1.1,0,0,120,4.4,288,10.45,0,0,305,11.07
2020,115914,2364,2276,2276,100,0,0,0,0,2278,96.4,53,2.2,0,0,12,0.5,0,0,17,0.7,37,1.57,0,0,263,11.13
2021,96088,16046,15897.16,9163.2,57.6,131,0.8,0,0,12938,80.6,442,2.8,23,0.1,324,2,37,0.2,2151,13.4,385,2.4,23,4.79,2491,15.52
2021,96089,9062,8923.73,8919.9,100,19,0.2,0,0,7493,82.7,331,3.7,11,0.1,498,5.5,7,0.1,703,7.8,108,1.19,0,0,1595,17.6
2021,96090,5888,5770.9,2033.3,35.2,217,3.7,0,0,1971,33.5,742,12.6,7,0.1,539,9.2,5,0.1,2407,40.9,471,8,0,0,891,15.13
2021,96091,20212,19976.3,2370.1,11.9,1952,9.7,0,0,1570,7.8,790,3.9,33,0.2,743,3.7,15,0.1,15109,74.8,567,2.81,0,0,2674,13.23
2021,96092,5800,5675.32,513.1,9,73,1.3,0,0,532,9.2,267,4.6,0,0,325,5.6,0,0,4592,79.2,57,0.98,0,0,778,13.41
2021,96093,7052,7048.18,320.7,4.6,312,4.4,0,0,174,2.5,352,5,0,0,313,4.4,0,0,5891,83.5,308,4.37,0,0,1047,14.85
2021,96094,9765,9582.61,2735,28.5,379,3.9,0,0,719,7.4,378,3.9,20,0.2,488,5,13,0.1,7768,79.5,1041,10.66,0,0,1497,15.33
2021,96095,17137,16869.88,3357.1,19.9,2386,13.9,0,0,2684,15.7,908,5.3,59,0.3,1066,6.2,12,0.1,10022,58.5,906,5.29,0,0,2474,14.44
2021,96098,2507,2447.08,647.4,26.5,80,3.2,0,0,235,9.4,162,6.5,0,0,207,8.3,0,0,1820,72.6,253,10.09,0,0,393,15.68
2021,96099,1650,1614.42,640.1,39.6,220,13.3,0,0,179,10.8,86,5.2,0,0,78,4.7,0,0,1084,65.7,303,18.36,0,0,251,15.21
2021,96101,734,710.05,105.1,14.8,55,7.5,0,0,117,15.9,39,5.3,0,0,61,8.3,0,0,461,62.8,21,2.86,0,0,100,13.62
2021,96102,2524,2442.09,151.6,6.2,309,12.2,0,0,353,14,107,4.2,0,0,188,7.4,0,0,1565,62,59,2.34,0,0,271,10.74
2021,96103,1329,1324.7,1324.7,100,17,1.3,0,0,304,22.9,98,7.4,0,0,125,9.4,0,0,782,58.8,112,8.43,0,0,214,16.1
2021,96104,2389,2396.37,2396.4,100,0,0,0,0,2344,98.1,23,1,0,0,9,0.4,0,0,9,0.4,6,0.25,0,0,395,16.53
2021,96106,4162,4127.73,301.3,7.3,705,16.9,0,0,616,14.8,203,4.9,0,0,314,7.5,0,0,2317,55.7,223,5.36,0,0,469,11.27
2021,96107,1418,1365.42,471.4,34.5,20,1.4,0,0,254,17.9,81,5.7,0,0,166,11.7,0,0,896,63.2,43,3.03,0,0,207,14.6
2021,96109,2660,2808.16,2773.5,98.8,0,0,0,0,2455,92.3,79,3,5,0.2,87,3.3,0,0,31,1.2,66,2.48,0,0,386,14.51
2021,96110,6202,6076.04,6073.2,100,98,1.6,0,0,2622,42.3,1473,23.8,12,0.2,524,8.4,6,0.1,1467,23.7,802,12.93,0,0,1043,16.82
2021,96111,4978,4894.38,4892.4,100,12,0.2,0,0,4838,97.2,74,1.5,0,0,0,0,0,0,53,1.1,36,0.72,0,0,771,15.49
2021,96112,2449,2413.55,2401.6,99.5,21,0.9,0,0,1946,79.5,114,4.7,0,0,109,4.5,0,0,258,10.5,83,3.39,0,0,361,14.74
2021,96113,818,777.34,223.1,28.7,32,3.9,0,0,166,20.3,56,6.8,0,0,49,6,0,0,509,62.2,44,5.38,0,0,93,11.37
2021,96114,4316,4223.75,472.7,11.2,53,1.2,0,0,500,11.6,167,3.9,0,0,238,5.5,0,0,3348,77.6,20,0.46,0,0,557,12.91
2021,96119,3225,1863.15,1097.9,58.9,66,2,0,0,1330,41.2,201,6.2,24,0.7,77,2.4,5,0.2,1522,47.2,18,0.56,0,0,2167,67.19
2021,115115,18632,18528,18443,99.5,529,2.8,0,0,14570,78.2,1083,5.8,0,0,112,0.6,0,0,2317,12.4,1890,10.14,0,0,2763,14.83
2021,115906,2504,2539.16,2539.2,100,0,0,0,0,1958,78.2,388,15.5,0,0,38,1.5,0,0,113,4.5,284,11.34,0,0,277,11.06
2021,115914,2694,2573,2573,100,0,0,0,0,2584,95.9,75,2.8,0,0,13,0.5,0,0,15,0.6,51,1.89,0,0,287,10.65
2022,96088,16313,15994.77,9883,61.8,129,0.8,0,0,13128,80.5,512,3.1,33,0.2,619,3.8,22,0.1,1870,11.5,348,2.13,11,2.21,2460,15.08
2022,96089,9237,9066.06,9064,100,15,0.2,0,0,7703,83.4,347,3.8,9,0.1,520,5.6,10,0.1,633,6.9,97,1.05,0,0,1431,15.49
2022,96090,5901,5663.21,1767.7,31.2,208,3.5,0,0,2013,34.1,726,12.3,0,0,602,10.2,0,0,2339,39.6,519,8.8,0,0,845,14.32
2022,96091,20311,20107.45,1708.3,8.5,1993,9.8,0,0,1454,7.2,882,4.3,42,0.2,766,3.8,16,0.1,15158,74.6,658,3.24,0,0,2660,13.1
2022,96092,5850,5750.89,459.7,8,71,1.2,0,0,528,9,269,4.6,0,0,353,6,0,0,4621,79,55,0.94,0,0,774,13.23
2022,96093,7132,7042.74,533.5,7.6,302,4.2,0,0,160,2.2,389,5.5,0,0,340,4.8,0,0,5930,83.1,330,4.63,0,0,1078,15.11
2022,96094,9914,9738.27,1759.5,18.1,397,4,0,0,786,7.9,370,3.7,21,0.2,439,4.4,14,0.1,7887,79.6,1121,11.31,0,0,1468,14.81
2022,96095,16997,16768.06,2111.2,12.6,2359,13.9,0,0,2663,15.7,919,5.4,55,0.3,1081,6.4,11,0.1,9909,58.3,1140,6.71,0,0,2512,14.78
2022,96098,2423,2386.49,597.9,25.1,91,3.8,0,0,215,8.9,159,6.6,0,0,199,8.2,0,0,1756,72.5,230,9.49,0,0,403,16.63
2022,96099,1722,1688.51,919.3,54.4,226,13.1,0,0,184,10.7,113,6.6,0,0,93,5.4,0,0,1104,64.1,335,19.45,0,0,256,14.87
2022,96101,741,739.11,111.3,15.1,69,9.3,0,0,107,14.4,39,5.3,0,0,60,8.1,0,0,466,62.9,34,4.59,0,0,89,12.01
2022,96102,2412,2351.83,154.1,6.6,289,12,0,0,333,13.8,95,3.9,0,0,183,7.6,0,0,1508,62.5,83,3.44,0,0,252,10.45
2022,96103,1274,1218.85,1217.8,99.9,13,1,0,0,311,24.4,99,7.8,0,0,127,10,0,0,720,56.5,110,8.63,0,0,199,15.62
2022,96104,2347,2326.98,2325,99.9,0,0,0,0,2289,97.5,31,1.3,0,0,15,0.6,0,0,11,0.5,0,0,0,0,384,16.36
2022,96106,4159,4117.43,285.9,6.9,706,17,0,0,602,14.5,206,5,0,0,323,7.8,0,0,2312,55.6,249,5.99,0,0,474,11.4
2022,96107,1408,1376.21,435.2,31.6,22,1.6,0,0,234,16.6,87,6.2,0,0,168,11.9,0,0,895,63.6,34,2.41,0,0,219,15.55
2022,96109,2764,2818.82,2804.5,99.5,0,0,0,0,2525,91.4,94,3.4,5,0.2,104,3.8,0,0,35,1.3,44,1.59,0,0,373,13.49
2022,96110,6203,5984.48,5981.6,100,84,1.4,0,0,2656,42.8,1564,25.2,12,0.2,511,8.2,6,0.1,1370,22.1,844,13.61,0,0,1037,16.72
2022,96111,5157,5014.62,5012.7,100,8,0.2,0,0,5009,97.1,82,1.6,0,0,0,0,0,0,55,1.1,31,0.6,0,0,774,15.01
2022,96112,2392,2370.33,2355.3,99.4,15,0.6,0,0,1883,78.7,129,5.4,0,0,99,4.1,0,0,261,10.9,82,3.43,0,0,374,15.64
2022,96113,765,723.5,207,28.6,26,3.4,0,0,143,18.7,48,6.3,0,0,51,6.7,0,0,493,64.4,48,6.27,0,0,105,13.73
2022,96114,4304,4244.57,409.3,9.6,47,1.1,0,0,456,10.6,175,4.1,0,0,266,6.2,0,0,3351,77.9,20,0.46,0,0,532,12.36
2022,96119,3138,1760.77,1025.7,58.3,82,2.6,0,0,1179,37.6,149,4.7,28,0.9,108,3.4,8,0.3,1584,50.5,18,0.57,0,0,1996,63.61
2022,115115,17135,16813.25,16811.3,100,430,2.5,0,0,13327,77.8,1142,6.7,0,0,149,0.9,0,0,2062,12,1807,10.55,0,0,2410,14.06
2022,115906,2444,2385.81,2378.8,99.7,9,0.4,0,0,1880,76.9,386,15.8,0,0,42,1.7,0,0,126,5.2,308,12.6,0,0,269,11.01
2022,115914,2627,2512,2512,100,0,0,0,0,2518,95.9,74,2.8,5,0.2,8,0.3,0,0,21,0.8,46,1.75,0,0,291,11.08
2023,96088,15665,15324.43,10634,69.4,120,0.8,0,0,12554,80.1,611,3.9,33,0.2,740,4.7,12,0.1,1595,10.2,360,2.3,0,0,2428,15.5
2023,96089,9072,8259.45,8251.5,99.9,11,0.1,0,0,7609,83.9,351,3.9,17,0.2,520,5.7,6,0.1,558,6.2,132,1.46,0,0,1336,14.73
2023,96090,5959,5843.25,2683.1,45.9,207,3.5,0,0,2117,35.5,762,12.8,9,0.2,638,10.7,5,0.1,2221,37.3,535,8.98,0,0,913,15.32
2023,96091,19903,19539.49,2320.3,11.9,2010,10.1,0,0,1365,6.9,925,4.6,22,0.1,792,4,13,0.1,14776,74.2,679,3.41,0,0,2651,13.32
2023,96092,5875,5770.04,518.7,9,75,1.3,0,0,526,9,282,4.8,0,0,380,6.5,0,0,4599,78.3,86,1.46,0,0,781,13.29
2023,96093,7143,7051,950.6,13.5,318,4.5,0,0,174,2.4,393,5.5,0,0,358,5,0,0,5890,82.5,352,4.93,0,0,1133,15.86
2023,96094,9815,9760.69,2537.9,26,397,4,0,0,793,8.1,371,3.8,22,0.2,430,4.4,11,0.1,7791,79.4,1258,12.82,0,0,1474,15.02
2023,96095,16821,16592.15,3147.8,19,2291,13.6,0,0,2601,15.5,926,5.5,60,0.4,1117,6.6,11,0.1,9815,58.3,1195,7.1,0,0,2463,14.64
2023,96098,2447,2409.38,860.3,35.7,116,4.7,0,0,225,9.2,163,6.7,0,0,179,7.3,0,0,1762,72,266,10.87,0,0,387,15.82
2023,96099,1747,1700.08,896.6,52.7,211,12.1,0,0,188,10.8,121,6.9,0,0,113,6.5,0,0,1110,63.5,316,18.09,0,0,242,13.85
2023,96101,706,689.33,124.8,18.1,57,8.1,0,0,101,14.3,37,5.2,0,0,60,8.5,0,0,450,63.7,32,4.53,0,0,91,12.89
2023,96102,2368,2305.37,210.9,9.1,287,12.1,0,0,329,13.9,101,4.3,0,0,193,8.2,0,0,1455,61.4,73,3.08,0,0,265,11.19
2023,96103,1197,1171.42,1171.4,100,11,0.9,0,0,277,23.1,112,9.4,0,0,121,10.1,0,0,673,56.2,131,10.94,0,0,175,14.62
2023,96104,2291,2273.08,2273.1,100,0,0,0,0,2232,97.4,20,0.9,0,0,23,1,0,0,13,0.6,0,0,0,0,394,17.2
2023,96106,4216,4198.95,337.1,8,715,17,0,0,622,14.8,201,4.8,0,0,352,8.3,0,0,2319,55,220,5.22,0,0,495,11.74
2023,96107,1375,1345.73,415.5,30.9,22,1.6,0,0,225,16.4,84,6.1,0,0,157,11.4,0,0,885,64.4,32,2.33,0,0,220,16
2023,96109,2792,2762.03,2753.5,99.7,0,0,0,0,2547,91.2,107,3.8,5,0.2,103,3.7,0,0,29,1,78,2.79,0,0,409,14.65
2023,96110,6215,6062.55,6054.6,99.9,77,1.2,0,0,2625,42.2,1683,27.1,8,0.1,538,8.7,8,0.1,1276,20.5,986,15.86,24,19.35,1082,17.41
2023,96111,5146,5123.88,5123.9,100,0,0,0,0,4980,96.8,101,2,5,0.1,0,0,0,0,57,1.1,32,0.62,0,0,767,14.9
2023,96112,2431,2443.25,2439.3,99.8,22,0.9,0,0,1864,76.7,141,5.8,0,0,125,5.1,0,0,273,11.2,114,4.69,0,0,353,14.52
2023,96113,746,705.98,256.2,36.3,21,2.8,0,0,114,15.3,60,8,0,0,52,7,0,0,497,66.6,53,7.1,0,0,105,14.08
2023,96114,4209,4128.25,422.7,10.2,46,1.1,0,0,402,9.6,182,4.3,0,0,295,7,0,0,3276,77.8,29,0.69,0,0,552,13.11
2023,96119,3249,1636.9,967.1,59.1,98,3,0,0,1229,37.8,139,4.3,35,1.1,104,3.2,5,0.2,1639,50.4,16,0.49,0,0,1831,56.36
2023,115115,16529,16527.25,16527.3,100,444,2.7,0,0,12674,76.7,1212,7.3,0,0,192,1.2,0,0,1973,11.9,1911,11.56,0,0,2274,13.76
2023,115906,2333,2289.57,2289.6,100,7,0.3,0,0,1759,75.4,408,17.5,0,0,27,1.2,0,0,130,5.6,348,14.92,0,0,238,10.2
2023,115914,2473,2331,2331,100,0,0,0,0,2373,96,58,2.3,0,0,20,0.8,0,0,19,0.8,51,2.06,0,0,265,10.72
